DATEPRD,WELL_BORE_CODE,NPD_WELL_BORE_CODE,NPD_WELL_BORE_NAME,NPD_FIELD_CODE,NPD_FIELD_NAME,NPD_FACILITY_CODE,NPD_FACILITY_NAME,ON_STREAM_HRS,AVG_DOWNHOLE_PRESSURE,AVG_DOWNHOLE_TEMPERATURE,AVG_DP_TUBING,AVG_ANNULUS_PRESS,AVG_CHOKE_SIZE_P,AVG_CHOKE_UOM,AVG_WHP_P,AVG_WHT_P,DP_CHOKE_SIZE,BORE_OIL_VOL,BORE_GAS_VOL,BORE_WAT_VOL,BORE_WI_VOL,FLOW_KIND,WELL_TYPE
2014-04-22,NO 15/9-F-1 C,7405,15/9-F-1 C,3420717,VOLVE,369304,MÆRSK INSPIRER,24.0,289.42,106.35,182.06,0.0,43.34,%,107.36,37.94,78.94,631.47,90439.09,0.0,,production,OP
2014-04-23,NO 15/9-F-1 C,7405,15/9-F-1 C,3420717,VOLVE,369304,MÆRSK INSPIRER,24.0,270.24,107.64,171.05,,47.17,%,99.19,60.76,70.63,1166.46,165720.39,0.0,,production,OP
2014-04-24,NO 15/9-F-1 C,7405,15/9-F-1 C,3420717,VOLVE,369304,MÆRSK INSPIRER,24.0,262.84,107.87,168.24,,47.73,%,94.6,63.05,66.05,1549.81,221707.31,0.0,,production,OP
2014-04-25,NO 15/9-F-1 C,7405,15/9-F-1 C,3420717,VOLVE,369304,MÆRSK INSPIRER,24.0,255.53,107.97,165.54,,48.53,%,89.99,64.55,61.41,1248.7,178063.52,0.0,,production,OP
2014-04-26,NO 15/9-F-1 C,7405,15/9-F-1 C,3420717,VOLVE,369304,MÆRSK INSPIRER,24.0,247.2,108.05,162.42,,49.84,%,84.78,65.72,56.15,1345.78,192602.19,0.0,,production,OP
2014-04-27,NO 15/9-F-1 C,7405,15/9-F-1 C,3420717,VOLVE,369304,MÆRSK INSPIRER,24.0,240.74,108.05,159.9,,50.3,%,80.84,66.93,52.2,1349.56,194496.27,0.0,,production,OP
2014-04-28,NO 15/9-F-1 C,7405,15/9-F-1 C,3420717,VOLVE,369304,MÆRSK INSPIRER,24.0,235.02,108.04,157.68,,50.74,%,77.34,67.85,48.71,1345.61,192899.71,0.0,,production,OP
2014-04-29,NO 15/9-F-1 C,7405,15/9-F-1 C,3420717,VOLVE,369304,MÆRSK INSPIRER,24.0,232.74,107.99,156.79,,50.11,%,75.95,65.71,47.38,1279.46,184900.31,0.0,,production,OP
2014-04-30,NO 15/9-F-1 C,7405,15/9-F-1 C,3420717,VOLVE,369304,MÆRSK INSPIRER,24.0,233.3,107.89,157.18,,48.93,%,76.12,62.8,47.61,1225.62,177107.86,0.0,,production,OP
2014-05-01,NO 15/9-F-1 C,7405,15/9-F-1 C,3420717,VOLVE,369304,MÆRSK INSPIRER,24.0,231.09,107.88,156.4,,48.94,%,74.69,62.38,46.2,1212.9,174608.88,0.0,,production,OP
2014-05-02,NO 15/9-F-1 C,7405,15/9-F-1 C,3420717,VOLVE,369304,MÆRSK INSPIRER,24.0,231.42,107.82,156.69,,48.3,%,74.73,60.75,46.15,1074.04,154870.67,0.0,,production,OP
2014-05-03,NO 15/9-F-1 C,7405,15/9-F-1 C,3420717,VOLVE,369304,MÆRSK INSPIRER,24.0,230.77,107.8,156.61,,48.17,%,74.16,60.63,45.73,1044.17,147929.93,0.0,,production,OP
2014-05-04,NO 15/9-F-1 C,7405,15/9-F-1 C,3420717,VOLVE,369304,MÆRSK INSPIRER,24.0,230.6,107.76,156.69,,47.47,%,73.91,58.28,45.49,970.2,139378.45,0.0,,production,OP
2014-05-05,NO 15/9-F-1 C,7405,15/9-F-1 C,3420717,VOLVE,369304,MÆRSK INSPIRER,24.0,229.42,107.78,156.43,,47.84,%,72.99,54.9,44.55,946.12,136980.49,0.0,,production,OP
2014-05-06,NO 15/9-F-1 C,7405,15/9-F-1 C,3420717,VOLVE,369304,MÆRSK INSPIRER,24.0,225.9,107.86,154.95,,49.01,%,70.95,58.88,42.45,1002.83,144950.15,0.0,,production,OP
2014-05-07,NO 15/9-F-1 C,7405,15/9-F-1 C,3420717,VOLVE,369304,MÆRSK INSPIRER,24.0,225.77,107.84,155.06,,47.92,%,70.71,57.43,42.05,925.31,135000.24,0.0,,production,OP
2014-05-08,NO 15/9-F-1 C,7405,15/9-F-1 C,3420717,VOLVE,369304,MÆRSK INSPIRER,24.0,225.69,107.82,155.14,,47.3,%,70.55,57.66,41.16,913.86,127564.51,0.0,,production,OP
2014-05-09,NO 15/9-F-1 C,7405,15/9-F-1 C,3420717,VOLVE,369304,MÆRSK INSPIRER,13.83,227.8,107.6,156.85,,29.13,%,70.95,55.96,41.75,176.8,24322.7,0.0,,production,OP
2014-05-10,NO 15/9-F-1 C,7405,15/9-F-1 C,3420717,VOLVE,369304,MÆRSK INSPIRER,24.0,226.06,107.68,155.16,,48.13,%,70.9,57.37,41.9,944.19,52162.58,0.0,,production,OP
2014-05-11,NO 15/9-F-1 C,7405,15/9-F-1 C,3420717,VOLVE,369304,MÆRSK INSPIRER,24.0,225.1,107.84,155.16,,47.49,%,69.94,58.02,41.48,823.41,117731.72,0.0,,production,OP
2014-05-12,NO 15/9-F-1 C,7405,15/9-F-1 C,3420717,VOLVE,369304,MÆRSK INSPIRER,24.0,226.02,107.77,155.8,,46.93,%,70.23,56.89,41.81,769.01,111238.01,0.0,,production,OP
2014-05-13,NO 15/9-F-1 C,7405,15/9-F-1 C,3420717,VOLVE,369304,MÆRSK INSPIRER,24.0,226.9,107.72,156.58,,46.34,%,70.33,54.26,41.93,740.8,107144.4,0.0,,production,OP
2014-05-14,NO 15/9-F-1 C,7405,15/9-F-1 C,3420717,VOLVE,369304,MÆRSK INSPIRER,24.0,225.58,107.74,156.2,,45.16,%,69.37,55.0,40.98,713.24,102880.55,0.0,,production,OP
2014-05-15,NO 15/9-F-1 C,7405,15/9-F-1 C,3420717,VOLVE,369304,MÆRSK INSPIRER,24.0,225.89,107.71,156.83,,46.32,%,69.07,48.6,40.65,743.83,106745.44,0.0,,production,OP
2014-05-16,NO 15/9-F-1 C,7405,15/9-F-1 C,3420717,VOLVE,369304,MÆRSK INSPIRER,24.0,225.7,107.71,157.11,,46.35,%,68.59,48.38,40.14,736.09,104864.02,0.0,,production,OP
2014-05-17,NO 15/9-F-1 C,7405,15/9-F-1 C,3420717,VOLVE,369304,MÆRSK INSPIRER,24.0,223.6,107.78,156.35,,47.09,%,67.26,53.92,38.84,782.88,110078.32,0.0,,production,OP
2014-05-18,NO 15/9-F-1 C,7405,15/9-F-1 C,3420717,VOLVE,369304,MÆRSK INSPIRER,24.0,220.1,107.89,154.7,,47.77,%,65.41,53.83,36.99,834.68,117387.58,0.0,,production,OP
2014-05-19,NO 15/9-F-1 C,7405,15/9-F-1 C,3420717,VOLVE,369304,MÆRSK INSPIRER,24.0,220.49,107.86,155.18,,47.14,%,65.31,55.75,36.91,788.8,109517.37,0.0,,production,OP
2014-05-20,NO 15/9-F-1 C,7405,15/9-F-1 C,3420717,VOLVE,369304,MÆRSK INSPIRER,24.0,220.15,107.86,155.24,,47.14,%,64.92,55.63,36.51,783.06,109362.2,0.0,,production,OP
2014-05-21,NO 15/9-F-1 C,7405,15/9-F-1 C,3420717,VOLVE,369304,MÆRSK INSPIRER,24.0,220.07,107.85,155.37,,46.52,%,64.69,52.24,36.28,743.77,104993.12,0.0,,production,OP
2014-05-22,NO 15/9-F-1 C,7405,15/9-F-1 C,3420717,VOLVE,369304,MÆRSK INSPIRER,24.0,219.98,107.85,155.55,,46.29,%,64.44,53.66,36.02,735.41,107115.77,0.0,,production,OP
2014-05-23,NO 15/9-F-1 C,7405,15/9-F-1 C,3420717,VOLVE,369304,MÆRSK INSPIRER,24.0,219.86,107.87,155.57,,46.28,%,64.29,49.05,35.87,742.89,108079.03,93.31,,production,OP
2014-05-24,NO 15/9-F-1 C,7405,15/9-F-1 C,3420717,VOLVE,369304,MÆRSK INSPIRER,24.0,219.92,107.88,155.75,,46.24,%,64.17,54.69,35.75,746.54,108387.02,100.42,,production,OP
2014-05-25,NO 15/9-F-1 C,7405,15/9-F-1 C,3420717,VOLVE,369304,MÆRSK INSPIRER,24.0,219.98,107.9,155.9,,46.26,%,64.07,55.23,35.67,750.57,105809.71,101.01,,production,OP
2014-05-26,NO 15/9-F-1 C,7405,15/9-F-1 C,3420717,VOLVE,369304,MÆRSK INSPIRER,24.0,219.97,107.92,156.04,,46.27,%,63.93,55.1,35.53,727.26,106514.13,86.62,,production,OP
2014-05-27,NO 15/9-F-1 C,7405,15/9-F-1 C,3420717,VOLVE,369304,MÆRSK INSPIRER,24.0,219.98,107.94,156.24,,46.23,%,63.74,55.31,35.33,715.5,105800.29,91.08,,production,OP
2014-05-28,NO 15/9-F-1 C,7405,15/9-F-1 C,3420717,VOLVE,369304,MÆRSK INSPIRER,24.0,219.27,107.44,155.72,,46.22,%,63.55,55.51,35.16,695.01,102249.56,76.96,,production,OP
2014-05-29,NO 15/9-F-1 C,7405,15/9-F-1 C,3420717,VOLVE,369304,MÆRSK INSPIRER,24.0,220.01,107.96,156.55,,46.22,%,63.46,56.17,35.05,698.77,102823.5,77.13,,production,OP
2014-05-30,NO 15/9-F-1 C,7405,15/9-F-1 C,3420717,VOLVE,369304,MÆRSK INSPIRER,24.0,220.0,107.97,156.66,,46.23,%,63.34,55.85,34.92,704.08,103977.99,77.96,,production,OP
2014-05-31,NO 15/9-F-1 C,7405,15/9-F-1 C,3420717,VOLVE,369304,MÆRSK INSPIRER,24.0,219.99,107.99,156.78,,46.21,%,63.21,55.6,34.79,715.93,105761.32,78.99,,production,OP
2014-06-01,NO 15/9-F-1 C,7405,15/9-F-1 C,3420717,VOLVE,369304,MÆRSK INSPIRER,24.0,220.01,107.99,156.86,,46.26,%,63.14,55.96,34.73,724.21,107035.76,80.08,,production,OP
2014-06-02,NO 15/9-F-1 C,7405,15/9-F-1 C,3420717,VOLVE,369304,MÆRSK INSPIRER,22.0,221.33,107.82,157.54,,41.71,%,63.79,50.77,35.35,459.83,68263.31,46.21,,production,OP
2014-06-03,NO 15/9-F-1 C,7405,15/9-F-1 C,3420717,VOLVE,369304,MÆRSK INSPIRER,24.0,220.24,107.96,157.87,,46.19,%,62.37,53.05,33.95,715.1,104865.93,80.7,,production,OP
2014-06-04,NO 15/9-F-1 C,7405,15/9-F-1 C,3420717,VOLVE,369304,MÆRSK INSPIRER,24.0,221.27,107.96,159.45,,46.16,%,61.82,53.74,33.39,706.8,104234.1,79.73,,production,OP
2014-06-05,NO 15/9-F-1 C,7405,15/9-F-1 C,3420717,VOLVE,369304,MÆRSK INSPIRER,24.0,221.04,107.97,158.76,,47.04,%,62.29,54.24,33.84,677.29,99517.49,90.57,,production,OP
2014-06-06,NO 15/9-F-1 C,7405,15/9-F-1 C,3420717,VOLVE,369304,MÆRSK INSPIRER,24.0,220.75,107.99,157.67,,47.2,%,63.08,56.53,34.65,690.38,99850.49,92.18,,production,OP
2014-06-07,NO 15/9-F-1 C,7405,15/9-F-1 C,3420717,VOLVE,369304,MÆRSK INSPIRER,24.0,220.64,107.99,157.28,,47.19,%,63.36,56.62,34.93,694.3,100306.26,92.07,,production,OP
2014-06-08,NO 15/9-F-1 C,7405,15/9-F-1 C,3420717,VOLVE,369304,MÆRSK INSPIRER,24.0,220.5,108.0,157.18,,47.15,%,63.32,52.05,34.89,690.7,99959.04,91.25,,production,OP
2014-06-09,NO 15/9-F-1 C,7405,15/9-F-1 C,3420717,VOLVE,369304,MÆRSK INSPIRER,19.5,221.45,107.76,159.11,,38.98,%,62.34,53.56,34.67,238.45,34915.85,28.15,,production,OP
2014-06-10,NO 15/9-F-1 C,7405,15/9-F-1 C,3420717,VOLVE,369304,MÆRSK INSPIRER,24.0,220.85,107.99,158.07,,46.51,%,62.78,54.49,34.35,647.11,95262.3,84.88,,production,OP
2014-06-11,NO 15/9-F-1 C,7405,15/9-F-1 C,3420717,VOLVE,369304,MÆRSK INSPIRER,24.0,218.41,108.07,156.69,,47.82,%,61.73,54.3,33.31,745.92,108793.22,94.23,,production,OP
2014-06-12,NO 15/9-F-1 C,7405,15/9-F-1 C,3420717,VOLVE,369304,MÆRSK INSPIRER,24.0,215.5,108.14,155.56,,48.73,%,59.94,61.56,31.53,804.85,116554.82,101.88,,production,OP
2014-06-13,NO 15/9-F-1 C,7405,15/9-F-1 C,3420717,VOLVE,369304,MÆRSK INSPIRER,24.0,214.82,108.14,154.69,,48.26,%,60.14,62.33,31.74,818.89,120308.03,56.75,,production,OP
2014-06-14,NO 15/9-F-1 C,7405,15/9-F-1 C,3420717,VOLVE,369304,MÆRSK INSPIRER,24.0,215.83,108.1,155.6,,48.01,%,60.23,59.58,31.84,781.21,115374.09,54.32,,production,OP
2014-06-15,NO 15/9-F-1 C,7405,15/9-F-1 C,3420717,VOLVE,369304,MÆRSK INSPIRER,24.0,214.88,108.11,154.96,,48.04,%,59.92,60.77,31.54,786.16,116058.03,54.55,,production,OP
2014-06-16,NO 15/9-F-1 C,7405,15/9-F-1 C,3420717,VOLVE,369304,MÆRSK INSPIRER,24.0,215.38,108.09,155.33,,47.74,%,60.05,59.44,31.67,757.43,111152.61,51.84,,production,OP
2014-06-17,NO 15/9-F-1 C,7405,15/9-F-1 C,3420717,VOLVE,369304,MÆRSK INSPIRER,24.0,216.12,108.07,155.98,,47.62,%,60.14,58.61,31.76,726.5,107050.89,50.67,,production,OP
2014-06-18,NO 15/9-F-1 C,7405,15/9-F-1 C,3420717,VOLVE,369304,MÆRSK INSPIRER,24.0,215.98,108.07,156.2,,47.64,%,59.79,58.66,31.4,723.96,106456.63,51.3,,production,OP
2014-06-19,NO 15/9-F-1 C,7405,15/9-F-1 C,3420717,VOLVE,369304,MÆRSK INSPIRER,24.0,215.82,108.07,156.38,,47.61,%,59.44,57.55,31.05,715.28,105827.77,52.96,,production,OP
2014-06-20,NO 15/9-F-1 C,7405,15/9-F-1 C,3420717,VOLVE,369304,MÆRSK INSPIRER,24.0,215.58,108.07,156.49,,47.59,%,59.09,58.45,30.7,710.62,104860.95,50.87,,production,OP
2014-06-21,NO 15/9-F-1 C,7405,15/9-F-1 C,3420717,VOLVE,369304,MÆRSK INSPIRER,24.0,215.3,108.08,156.6,,47.61,%,58.7,58.7,30.31,708.04,104155.82,50.48,,production,OP
2014-06-22,NO 15/9-F-1 C,7405,15/9-F-1 C,3420717,VOLVE,369304,MÆRSK INSPIRER,24.0,214.95,108.08,156.71,,47.62,%,58.24,58.42,29.85,702.73,102417.8,51.7,,production,OP
2014-06-23,NO 15/9-F-1 C,7405,15/9-F-1 C,3420717,VOLVE,369304,MÆRSK INSPIRER,24.0,214.86,108.09,157.39,,47.66,%,57.46,57.88,28.78,695.74,102284.59,51.69,,production,OP
2014-06-24,NO 15/9-F-1 C,7405,15/9-F-1 C,3420717,VOLVE,369304,MÆRSK INSPIRER,24.0,214.9,108.08,157.99,,47.63,%,56.91,57.35,28.52,658.27,96651.98,94.65,,production,OP
2014-06-25,NO 15/9-F-1 C,7405,15/9-F-1 C,3420717,VOLVE,369304,MÆRSK INSPIRER,24.0,214.82,108.08,157.95,,46.57,%,56.88,58.01,28.48,576.35,85082.22,79.35,,production,OP
2014-06-26,NO 15/9-F-1 C,7405,15/9-F-1 C,3420717,VOLVE,369304,MÆRSK INSPIRER,16.58,219.56,107.45,158.58,,44.0,%,60.98,49.15,35.12,369.83,55419.55,51.46,,production,OP
2014-06-27,NO 15/9-F-1 C,7405,15/9-F-1 C,3420717,VOLVE,369304,MÆRSK INSPIRER,23.83,217.25,107.63,162.79,,44.38,%,54.46,50.51,26.03,418.45,63214.18,59.2,,production,OP
2014-06-28,NO 15/9-F-1 C,7405,15/9-F-1 C,3420717,VOLVE,369304,MÆRSK INSPIRER,24.0,215.09,108.08,160.77,,47.05,%,54.33,55.69,25.9,588.96,88192.51,91.66,,production,OP
2014-06-29,NO 15/9-F-1 C,7405,15/9-F-1 C,3420717,VOLVE,369304,MÆRSK INSPIRER,24.0,215.26,108.1,160.2,,46.83,%,55.06,55.97,26.65,571.88,85616.39,81.73,,production,OP
2014-06-30,NO 15/9-F-1 C,7405,15/9-F-1 C,3420717,VOLVE,369304,MÆRSK INSPIRER,24.0,215.35,108.11,160.21,,45.83,%,55.14,56.01,26.73,512.52,76979.08,71.37,,production,OP
2014-07-01,NO 15/9-F-1 C,7405,15/9-F-1 C,3420717,VOLVE,369304,MÆRSK INSPIRER,24.0,215.38,108.11,160.42,,46.79,%,54.97,56.25,26.56,563.26,84307.54,78.69,,production,OP
2014-07-02,NO 15/9-F-1 C,7405,15/9-F-1 C,3420717,VOLVE,369304,MÆRSK INSPIRER,24.0,215.41,108.12,160.6,,46.8,%,54.81,51.65,26.39,564.26,84364.91,78.72,,production,OP
2014-07-03,NO 15/9-F-1 C,7405,15/9-F-1 C,3420717,VOLVE,369304,MÆRSK INSPIRER,24.0,215.33,108.12,160.78,,46.8,%,54.55,50.82,26.13,565.09,84351.11,78.88,,production,OP
2014-07-04,NO 15/9-F-1 C,7405,15/9-F-1 C,3420717,VOLVE,369304,MÆRSK INSPIRER,24.0,215.21,108.13,161.1,,46.85,%,54.11,51.42,25.68,563.73,84183.26,79.55,,production,OP
2014-07-05,NO 15/9-F-1 C,7405,15/9-F-1 C,3420717,VOLVE,369304,MÆRSK INSPIRER,24.0,215.12,108.13,161.48,,46.86,%,53.63,54.23,25.2,563.46,83869.61,79.95,,production,OP
2014-07-06,NO 15/9-F-1 C,7405,15/9-F-1 C,3420717,VOLVE,369304,MÆRSK INSPIRER,24.0,215.07,108.13,161.97,,46.86,%,53.09,56.64,24.66,563.38,83853.8,80.3,,production,OP
2014-07-07,NO 15/9-F-1 C,7405,15/9-F-1 C,3420717,VOLVE,369304,MÆRSK INSPIRER,24.0,215.07,108.14,162.41,,46.82,%,52.66,54.97,24.23,522.0,77846.76,154.47,,production,WI
2014-07-08,NO 15/9-F-1 C,7405,15/9-F-1 C,3420717,VOLVE,369304,MÆRSK INSPIRER,24.0,215.05,108.14,163.02,,46.8,%,52.02,57.49,23.59,523.33,77885.2,247.1,,production,OP
2014-07-09,NO 15/9-F-1 C,7405,15/9-F-1 C,3420717,VOLVE,369304,MÆRSK INSPIRER,24.0,215.14,108.14,163.89,,46.81,%,51.25,56.12,22.8,521.97,77858.58,247.09,,production,OP
2014-07-10,NO 15/9-F-1 C,7405,15/9-F-1 C,3420717,VOLVE,369304,MÆRSK INSPIRER,24.0,215.17,108.14,164.23,,46.79,%,50.93,57.49,22.48,490.49,73240.81,212.89,,production,OP
2014-07-11,NO 15/9-F-1 C,7405,15/9-F-1 C,3420717,VOLVE,369304,MÆRSK INSPIRER,24.0,215.19,108.14,164.7,,46.79,%,50.49,56.12,22.04,491.71,72894.63,253.18,,production,OP
2014-07-12,NO 15/9-F-1 C,7405,15/9-F-1 C,3420717,VOLVE,369304,MÆRSK INSPIRER,24.0,215.46,108.14,165.93,,46.86,%,49.54,56.63,21.08,488.44,72637.03,203.87,,production,OP
2014-07-13,NO 15/9-F-1 C,7405,15/9-F-1 C,3420717,VOLVE,369304,MÆRSK INSPIRER,24.0,215.76,108.13,166.74,,46.8,%,49.02,57.2,20.54,481.59,71515.34,199.79,,production,OP
2014-07-14,NO 15/9-F-1 C,7405,15/9-F-1 C,3420717,VOLVE,369304,MÆRSK INSPIRER,24.0,215.98,108.12,167.41,,47.0,%,48.57,56.78,20.1,492.02,73095.92,215.32,,production,OP
2014-07-15,NO 15/9-F-1 C,7405,15/9-F-1 C,3420717,VOLVE,369304,MÆRSK INSPIRER,24.0,215.05,108.14,166.19,,47.89,%,48.86,56.4,20.38,476.08,70443.1,246.8,,production,OP
2014-07-16,NO 15/9-F-1 C,7405,15/9-F-1 C,3420717,VOLVE,369304,MÆRSK INSPIRER,24.0,214.83,108.15,166.34,,47.76,%,48.49,56.42,20.02,466.34,69327.14,243.78,,production,OP
2014-07-17,NO 15/9-F-1 C,7405,15/9-F-1 C,3420717,VOLVE,369304,MÆRSK INSPIRER,24.0,214.76,108.15,166.58,,47.71,%,48.18,55.03,19.71,463.64,68816.51,241.88,,production,OP
2014-07-18,NO 15/9-F-1 C,7405,15/9-F-1 C,3420717,VOLVE,369304,MÆRSK INSPIRER,24.0,214.92,108.15,167.47,,47.7,%,47.45,58.94,19.01,459.37,68361.17,240.96,,production,OP
2014-07-19,NO 15/9-F-1 C,7405,15/9-F-1 C,3420717,VOLVE,369304,MÆRSK INSPIRER,24.0,215.03,108.15,167.64,,47.69,%,47.4,58.31,18.92,458.09,68466.24,240.67,,production,OP
2014-07-20,NO 15/9-F-1 C,7405,15/9-F-1 C,3420717,VOLVE,369304,MÆRSK INSPIRER,22.42,216.04,108.02,168.83,,43.93,%,47.22,55.55,18.54,290.87,44919.06,139.31,,production,OP
2014-07-21,NO 15/9-F-1 C,7405,15/9-F-1 C,3420717,VOLVE,369304,MÆRSK INSPIRER,24.0,215.11,108.14,170.3,,47.98,%,44.81,56.7,16.29,487.33,72965.95,255.69,,production,OP
2014-07-22,NO 15/9-F-1 C,7405,15/9-F-1 C,3420717,VOLVE,369304,MÆRSK INSPIRER,24.0,215.06,108.18,168.72,,47.7,%,46.35,58.76,17.87,468.63,69274.03,242.24,,production,OP
2014-07-23,NO 15/9-F-1 C,7405,15/9-F-1 C,3420717,VOLVE,369304,MÆRSK INSPIRER,24.0,215.21,108.18,169.05,,47.72,%,46.16,58.98,17.68,465.25,69890.63,239.87,,production,OP
2014-07-24,NO 15/9-F-1 C,7405,15/9-F-1 C,3420717,VOLVE,369304,MÆRSK INSPIRER,24.0,215.38,108.18,169.28,,47.63,%,46.1,59.72,17.61,466.58,69742.96,232.45,,production,OP
2014-07-25,NO 15/9-F-1 C,7405,15/9-F-1 C,3420717,VOLVE,369304,MÆRSK INSPIRER,24.0,215.53,108.18,169.77,,47.66,%,45.76,59.47,17.27,464.22,69237.42,233.39,,production,OP
2014-07-26,NO 15/9-F-1 C,7405,15/9-F-1 C,3420717,VOLVE,369304,MÆRSK INSPIRER,24.0,215.61,108.18,170.11,,47.61,%,45.5,60.04,17.05,458.9,68830.6,251.5,,production,OP
2014-07-27,NO 15/9-F-1 C,7405,15/9-F-1 C,3420717,VOLVE,369304,MÆRSK INSPIRER,24.0,215.84,108.18,170.96,,47.59,%,44.89,58.89,16.44,460.83,68637.71,260.12,,production,OP
2014-07-28,NO 15/9-F-1 C,7405,15/9-F-1 C,3420717,VOLVE,369304,MÆRSK INSPIRER,24.0,216.09,108.18,171.45,,47.6,%,44.64,59.25,16.2,457.95,68330.74,245.26,,production,OP
2014-07-29,NO 15/9-F-1 C,7405,15/9-F-1 C,3420717,VOLVE,369304,MÆRSK INSPIRER,24.0,215.97,108.19,171.37,,48.13,%,44.6,56.66,16.15,481.51,71884.8,258.75,,production,OP
2014-07-30,NO 15/9-F-1 C,7405,15/9-F-1 C,3420717,VOLVE,369304,MÆRSK INSPIRER,24.0,214.63,108.23,169.64,,48.72,%,44.99,57.16,16.52,489.43,72278.48,243.17,,production,OP
2014-07-31,NO 15/9-F-1 C,7405,15/9-F-1 C,3420717,VOLVE,369304,MÆRSK INSPIRER,24.0,215.09,108.22,171.84,,48.72,%,43.25,58.96,14.72,375.93,56054.71,218.34,,production,OP
2014-08-01,NO 15/9-F-1 C,7405,15/9-F-1 C,3420717,VOLVE,369304,MÆRSK INSPIRER,24.0,215.03,108.22,171.36,,48.72,%,43.67,59.04,15.15,378.38,56399.27,218.27,,production,OP
2014-08-02,NO 15/9-F-1 C,7405,15/9-F-1 C,3420717,VOLVE,369304,MÆRSK INSPIRER,24.0,215.15,108.22,172.02,,48.7,%,43.14,58.06,14.6,379.41,56289.52,217.93,,production,OP
2014-08-03,NO 15/9-F-1 C,7405,15/9-F-1 C,3420717,VOLVE,369304,MÆRSK INSPIRER,24.0,215.13,108.22,171.88,,48.7,%,43.25,57.61,14.74,377.42,56568.78,212.92,,production,OP
2014-08-04,NO 15/9-F-1 C,7405,15/9-F-1 C,3420717,VOLVE,369304,MÆRSK INSPIRER,24.0,212.9,108.26,168.86,,49.54,%,44.04,56.58,15.52,417.98,61912.18,228.26,,production,OP
2014-08-05,NO 15/9-F-1 C,7405,15/9-F-1 C,3420717,VOLVE,369304,MÆRSK INSPIRER,24.0,210.17,108.33,166.76,,49.63,%,43.41,63.58,14.91,507.75,75078.33,262.22,,production,OP
2014-08-06,NO 15/9-F-1 C,7405,15/9-F-1 C,3420717,VOLVE,369304,MÆRSK INSPIRER,24.0,209.82,108.32,167.21,,49.59,%,42.62,62.68,14.11,469.73,69712.66,252.81,,production,OP
2014-08-07,NO 15/9-F-1 C,7405,15/9-F-1 C,3420717,VOLVE,369304,MÆRSK INSPIRER,24.0,210.09,108.31,169.04,,50.19,%,41.05,60.7,12.54,521.26,77390.65,293.66,,production,OP
2014-08-08,NO 15/9-F-1 C,7405,15/9-F-1 C,3420717,VOLVE,369304,MÆRSK INSPIRER,24.0,210.18,108.3,169.82,,50.21,%,40.37,62.56,11.84,518.32,76994.95,297.2,,production,OP
2014-08-09,NO 15/9-F-1 C,7405,15/9-F-1 C,3420717,VOLVE,369304,MÆRSK INSPIRER,24.0,210.55,108.28,170.4,,49.95,%,40.15,58.14,11.61,493.37,73656.88,289.96,,production,OP
2014-08-10,NO 15/9-F-1 C,7405,15/9-F-1 C,3420717,VOLVE,369304,MÆRSK INSPIRER,24.0,210.63,108.28,170.86,,50.24,%,39.77,56.23,11.22,509.21,76002.49,303.18,,production,OP
2014-08-11,NO 15/9-F-1 C,7405,15/9-F-1 C,3420717,VOLVE,369304,MÆRSK INSPIRER,24.0,213.45,108.17,176.1,,49.44,%,37.35,50.72,8.75,351.8,52975.29,240.5,,production,OP
2014-08-12,NO 15/9-F-1 C,7405,15/9-F-1 C,3420717,VOLVE,369304,MÆRSK INSPIRER,24.0,215.51,108.14,178.41,,48.83,%,37.09,44.27,8.48,287.03,44830.19,240.33,,production,OP
2014-08-13,NO 15/9-F-1 C,7405,15/9-F-1 C,3420717,VOLVE,369304,MÆRSK INSPIRER,24.0,215.89,108.16,178.0,,48.58,%,37.89,50.89,9.29,278.58,44300.38,235.04,,production,OP
2014-08-14,NO 15/9-F-1 C,7405,15/9-F-1 C,3420717,VOLVE,369304,MÆRSK INSPIRER,24.0,215.86,108.19,177.02,,48.5,%,38.83,56.83,10.25,297.19,47071.12,248.98,,production,OP
2014-08-15,NO 15/9-F-1 C,7405,15/9-F-1 C,3420717,VOLVE,369304,MÆRSK INSPIRER,24.0,215.78,108.2,176.23,,48.47,%,39.54,57.33,10.98,297.33,46462.15,247.88,,production,OP
2014-08-16,NO 15/9-F-1 C,7405,15/9-F-1 C,3420717,VOLVE,369304,MÆRSK INSPIRER,24.0,216.0,108.2,176.64,,48.48,%,39.37,52.85,10.8,296.2,44219.4,246.54,,production,OP
2014-08-17,NO 15/9-F-1 C,7405,15/9-F-1 C,3420717,VOLVE,369304,MÆRSK INSPIRER,24.0,216.02,108.21,176.18,,48.47,%,39.84,53.76,11.26,296.12,44243.43,247.16,,production,OP
2014-08-18,NO 15/9-F-1 C,7405,15/9-F-1 C,3420717,VOLVE,369304,MÆRSK INSPIRER,24.0,216.08,108.22,176.08,,48.45,%,40.0,57.06,11.43,293.35,44083.13,246.91,,production,OP
2014-09-03,NO 15/9-F-1 C,7405,15/9-F-1 C,3420717,VOLVE,369304,MÆRSK INSPIRER,19.17,248.02,106.95,205.83,,40.67,%,42.19,46.49,13.35,103.77,16925.68,74.34,,production,OP
2014-09-04,NO 15/9-F-1 C,7405,15/9-F-1 C,3420717,VOLVE,369304,MÆRSK INSPIRER,24.0,237.29,107.37,208.8,,61.09,%,28.49,53.78,2.37,290.3,46375.59,537.45,,production,OP
2014-09-05,NO 15/9-F-1 C,7405,15/9-F-1 C,3420717,VOLVE,369304,MÆRSK INSPIRER,24.0,223.51,108.49,184.59,,53.05,%,38.92,66.29,10.31,427.63,69487.31,343.53,,production,OP
2014-09-06,NO 15/9-F-1 C,7405,15/9-F-1 C,3420717,VOLVE,369304,MÆRSK INSPIRER,24.0,225.25,108.44,181.59,,49.89,%,43.66,64.89,15.08,422.69,68818.15,341.93,,production,OP
2014-09-07,NO 15/9-F-1 C,7405,15/9-F-1 C,3420717,VOLVE,369304,MÆRSK INSPIRER,24.0,225.94,108.43,181.0,,49.63,%,44.94,60.69,16.37,412.14,67226.27,336.66,,production,OP
2014-09-08,NO 15/9-F-1 C,7405,15/9-F-1 C,3420717,VOLVE,369304,MÆRSK INSPIRER,24.0,224.93,108.43,179.58,,49.47,%,45.35,62.91,16.79,410.96,66847.2,336.99,,production,OP
2014-09-09,NO 15/9-F-1 C,7405,15/9-F-1 C,3420717,VOLVE,369304,MÆRSK INSPIRER,24.0,224.68,108.41,179.14,,49.47,%,45.54,61.99,16.99,409.11,66355.28,333.87,,production,OP
2014-09-10,NO 15/9-F-1 C,7405,15/9-F-1 C,3420717,VOLVE,369304,MÆRSK INSPIRER,24.0,224.65,108.39,179.22,,48.7,%,45.44,62.49,16.9,389.68,63293.2,315.24,,production,OP
2014-09-11,NO 15/9-F-1 C,7405,15/9-F-1 C,3420717,VOLVE,369304,MÆRSK INSPIRER,24.0,225.96,108.34,180.9,,48.65,%,45.06,57.54,16.52,380.29,60994.93,327.07,,production,OP
2014-09-12,NO 15/9-F-1 C,7405,15/9-F-1 C,3420717,VOLVE,369304,MÆRSK INSPIRER,24.0,225.61,108.33,180.73,,48.62,%,44.88,56.71,16.34,391.22,57081.97,324.73,,production,OP
2014-09-13,NO 15/9-F-1 C,7405,15/9-F-1 C,3420717,VOLVE,369304,MÆRSK INSPIRER,24.0,225.3,108.32,180.8,,48.65,%,44.5,58.73,15.96,391.65,57123.13,328.6,,production,OP
2014-09-14,NO 15/9-F-1 C,7405,15/9-F-1 C,3420717,VOLVE,369304,MÆRSK INSPIRER,24.0,225.15,108.32,181.19,,48.62,%,43.96,60.82,15.41,384.47,56615.33,322.53,,production,OP
2014-09-15,NO 15/9-F-1 C,7405,15/9-F-1 C,3420717,VOLVE,369304,MÆRSK INSPIRER,24.0,224.94,108.31,181.3,,48.62,%,43.65,59.24,15.09,342.35,50991.05,291.45,,production,OP
2014-09-16,NO 15/9-F-1 C,7405,15/9-F-1 C,3420717,VOLVE,369304,MÆRSK INSPIRER,24.0,224.81,108.3,181.51,,48.63,%,43.29,58.17,14.62,338.88,50946.9,291.36,,production,OP
2014-09-17,NO 15/9-F-1 C,7405,15/9-F-1 C,3420717,VOLVE,369304,MÆRSK INSPIRER,24.0,224.62,108.3,181.71,,48.64,%,42.91,58.46,14.32,344.5,51928.13,297.38,,production,OP
2014-09-18,NO 15/9-F-1 C,7405,15/9-F-1 C,3420717,VOLVE,369304,MÆRSK INSPIRER,24.0,224.55,108.29,181.97,,48.64,%,42.58,58.86,14.01,333.55,49757.91,304.7,,production,OP
2014-09-19,NO 15/9-F-1 C,7405,15/9-F-1 C,3420717,VOLVE,369304,MÆRSK INSPIRER,24.0,224.56,108.28,182.3,,48.6,%,42.26,59.27,13.69,329.6,49601.74,302.29,,production,OP
2014-09-20,NO 15/9-F-1 C,7405,15/9-F-1 C,3420717,VOLVE,369304,MÆRSK INSPIRER,24.0,221.86,108.33,179.49,,49.15,%,42.38,60.53,13.81,358.2,53618.2,320.36,,production,OP
2014-09-21,NO 15/9-F-1 C,7405,15/9-F-1 C,3420717,VOLVE,369304,MÆRSK INSPIRER,24.0,219.55,108.39,177.67,,49.4,%,41.89,61.65,13.34,377.72,56786.58,332.75,,production,OP
2014-09-22,NO 15/9-F-1 C,7405,15/9-F-1 C,3420717,VOLVE,369304,MÆRSK INSPIRER,24.0,219.89,108.36,178.45,,49.3,%,41.44,61.08,12.88,356.65,53587.32,331.96,,production,OP
2014-09-23,NO 15/9-F-1 C,7405,15/9-F-1 C,3420717,VOLVE,369304,MÆRSK INSPIRER,24.0,219.72,108.35,178.64,,49.19,%,41.07,58.68,12.5,354.31,53315.98,327.97,,production,OP
2014-09-24,NO 15/9-F-1 C,7405,15/9-F-1 C,3420717,VOLVE,369304,MÆRSK INSPIRER,24.0,219.83,108.35,179.38,,49.16,%,40.46,58.96,11.88,338.53,51384.99,318.34,,production,OP
2014-09-25,NO 15/9-F-1 C,7405,15/9-F-1 C,3420717,VOLVE,369304,MÆRSK INSPIRER,24.0,220.01,108.34,180.0,,49.13,%,40.01,55.7,11.42,324.9,49352.26,323.5,,production,OP
2014-09-26,NO 15/9-F-1 C,7405,15/9-F-1 C,3420717,VOLVE,369304,MÆRSK INSPIRER,24.0,219.97,108.33,180.19,,49.14,%,39.77,54.61,11.19,324.95,49388.31,321.98,,production,OP
2014-09-27,NO 15/9-F-1 C,7405,15/9-F-1 C,3420717,VOLVE,369304,MÆRSK INSPIRER,24.0,219.9,108.33,180.23,,49.13,%,39.67,53.28,11.09,322.07,49245.8,322.83,,production,OP
2014-09-28,NO 15/9-F-1 C,7405,15/9-F-1 C,3420717,VOLVE,369304,MÆRSK INSPIRER,23.09,220.04,108.32,180.67,,49.01,%,39.37,53.81,10.85,308.31,47050.78,307.78,,production,OP
2014-10-01,NO 15/9-F-1 C,7405,15/9-F-1 C,3420717,VOLVE,369304,MÆRSK INSPIRER,24.0,226.03,107.48,217.96,,53.67,%,8.08,52.41,2.64,55.2,8962.05,142.03,,production,OP
2014-10-02,NO 15/9-F-1 C,7405,15/9-F-1 C,3420717,VOLVE,369304,MÆRSK INSPIRER,24.0,211.87,108.5,180.98,,58.43,%,30.89,58.72,4.51,199.07,31730.64,308.22,,production,OP
2014-10-03,NO 15/9-F-1 C,7405,15/9-F-1 C,3420717,VOLVE,369304,MÆRSK INSPIRER,24.0,221.13,108.4,186.14,,51.87,%,35.0,51.46,5.62,275.22,43000.78,454.65,,production,OP
2014-10-04,NO 15/9-F-1 C,7405,15/9-F-1 C,3420717,VOLVE,369304,MÆRSK INSPIRER,24.0,219.88,108.43,183.17,,50.9,%,36.71,57.58,8.1,287.64,44101.37,459.8,,production,OP
2014-10-05,NO 15/9-F-1 C,7405,15/9-F-1 C,3420717,VOLVE,369304,MÆRSK INSPIRER,24.0,219.47,108.44,181.85,,50.55,%,37.62,57.28,8.98,323.18,49500.61,352.61,,production,OP
2014-10-06,NO 15/9-F-1 C,7405,15/9-F-1 C,3420717,VOLVE,369304,MÆRSK INSPIRER,24.0,220.9,108.4,183.04,,50.21,%,37.86,57.76,9.25,315.32,48232.88,344.36,,production,OP
2014-10-07,NO 15/9-F-1 C,7405,15/9-F-1 C,3420717,VOLVE,369304,MÆRSK INSPIRER,24.0,220.65,108.4,182.44,,50.43,%,38.22,55.12,9.6,322.31,48180.54,335.27,,production,OP
2014-10-08,NO 15/9-F-1 C,7405,15/9-F-1 C,3420717,VOLVE,369304,MÆRSK INSPIRER,24.0,220.67,108.4,182.39,,50.49,%,38.28,53.3,9.67,320.34,49975.21,345.3,,production,OP
2014-10-09,NO 15/9-F-1 C,7405,15/9-F-1 C,3420717,VOLVE,369304,MÆRSK INSPIRER,24.0,220.47,108.4,182.14,,50.45,%,38.33,53.2,9.7,325.92,50479.21,343.83,,production,OP
2014-10-10,NO 15/9-F-1 C,7405,15/9-F-1 C,3420717,VOLVE,369304,MÆRSK INSPIRER,24.0,220.18,108.39,181.8,,50.41,%,38.38,53.77,9.77,329.2,50894.03,327.28,,production,OP
2014-10-11,NO 15/9-F-1 C,7405,15/9-F-1 C,3420717,VOLVE,369304,MÆRSK INSPIRER,24.0,220.16,108.39,181.93,,50.4,%,38.22,52.71,9.62,325.01,50157.65,326.37,,production,OP
2014-10-12,NO 15/9-F-1 C,7405,15/9-F-1 C,3420717,VOLVE,369304,MÆRSK INSPIRER,24.0,220.15,108.38,182.07,,50.38,%,38.08,56.23,9.48,323.37,49865.05,325.88,,production,OP
2014-10-13,NO 15/9-F-1 C,7405,15/9-F-1 C,3420717,VOLVE,369304,MÆRSK INSPIRER,24.0,220.33,108.37,182.51,,50.36,%,37.81,60.76,9.21,320.68,49604.0,335.92,,production,OP
2014-10-14,NO 15/9-F-1 C,7405,15/9-F-1 C,3420717,VOLVE,369304,MÆRSK INSPIRER,24.0,220.44,108.37,182.79,,50.36,%,37.65,60.45,9.05,320.41,49571.91,337.83,,production,OP
2014-10-15,NO 15/9-F-1 C,7405,15/9-F-1 C,3420717,VOLVE,369304,MÆRSK INSPIRER,24.0,220.22,108.37,182.55,,50.47,%,37.67,60.62,9.06,322.67,49750.14,335.65,,production,OP
2014-10-16,NO 15/9-F-1 C,7405,15/9-F-1 C,3420717,VOLVE,369304,MÆRSK INSPIRER,24.0,220.01,108.37,182.43,,50.56,%,37.58,59.25,8.98,322.4,49652.61,331.77,,production,OP
2014-10-17,NO 15/9-F-1 C,7405,15/9-F-1 C,3420717,VOLVE,369304,MÆRSK INSPIRER,24.0,220.21,108.36,182.85,,50.56,%,37.36,59.52,8.76,321.25,49635.23,330.51,,production,OP
2014-10-18,NO 15/9-F-1 C,7405,15/9-F-1 C,3420717,VOLVE,369304,MÆRSK INSPIRER,24.0,220.23,108.36,182.91,,50.48,%,37.32,54.29,8.7,321.22,49749.37,328.68,,production,OP
2014-10-19,NO 15/9-F-1 C,7405,15/9-F-1 C,3420717,VOLVE,369304,MÆRSK INSPIRER,24.0,220.22,108.36,183.09,,50.52,%,37.13,50.17,8.51,323.37,50070.67,328.82,,production,OP
2014-10-20,NO 15/9-F-1 C,7405,15/9-F-1 C,3420717,VOLVE,369304,MÆRSK INSPIRER,24.0,220.72,108.35,184.36,,50.86,%,36.36,56.09,7.73,326.54,50700.18,334.76,,production,OP
2014-10-21,NO 15/9-F-1 C,7405,15/9-F-1 C,3420717,VOLVE,369304,MÆRSK INSPIRER,24.0,220.41,108.35,183.59,,50.91,%,36.82,55.69,8.18,316.21,48561.88,329.9,,production,OP
2014-10-22,NO 15/9-F-1 C,7405,15/9-F-1 C,3420717,VOLVE,369304,MÆRSK INSPIRER,24.0,220.62,108.34,183.94,,50.85,%,36.68,55.69,8.06,314.23,48495.35,335.34,,production,OP
2014-10-23,NO 15/9-F-1 C,7405,15/9-F-1 C,3420717,VOLVE,369304,MÆRSK INSPIRER,24.0,220.62,108.34,183.89,,50.82,%,36.73,49.99,8.11,313.92,48623.42,329.6,,production,OP
2014-10-24,NO 15/9-F-1 C,7405,15/9-F-1 C,3420717,VOLVE,369304,MÆRSK INSPIRER,24.0,220.74,108.34,184.09,,50.77,%,36.65,50.37,8.03,314.24,48608.64,332.0,,production,OP
2014-10-25,NO 15/9-F-1 C,7405,15/9-F-1 C,3420717,VOLVE,369304,MÆRSK INSPIRER,24.0,220.86,108.34,184.27,,50.78,%,36.59,48.38,7.96,317.47,49209.26,333.76,,production,OP
2014-10-26,NO 15/9-F-1 C,7405,15/9-F-1 C,3420717,VOLVE,369304,MÆRSK INSPIRER,25.0,220.96,108.34,184.4,,50.8,%,36.55,47.29,7.92,333.14,51384.55,336.05,,production,OP
2014-10-27,NO 15/9-F-1 C,7405,15/9-F-1 C,3420717,VOLVE,369304,MÆRSK INSPIRER,24.0,219.96,108.36,182.97,,50.78,%,37.0,53.3,8.44,318.2,49190.87,332.65,,production,OP
2014-10-28,NO 15/9-F-1 C,7405,15/9-F-1 C,3420717,VOLVE,369304,MÆRSK INSPIRER,24.0,219.96,108.36,183.3,,50.5,%,36.67,53.39,8.21,315.14,48598.96,325.35,,production,OP
2014-10-29,NO 15/9-F-1 C,7405,15/9-F-1 C,3420717,VOLVE,369304,MÆRSK INSPIRER,24.0,220.72,108.35,184.64,,50.5,%,36.08,59.32,7.61,304.36,46729.01,320.2,,production,OP
2014-10-30,NO 15/9-F-1 C,7405,15/9-F-1 C,3420717,VOLVE,369304,MÆRSK INSPIRER,24.0,221.12,108.33,185.25,,51.04,%,35.87,57.8,7.25,318.25,48777.45,330.73,,production,OP
2014-10-31,NO 15/9-F-1 C,7405,15/9-F-1 C,3420717,VOLVE,369304,MÆRSK INSPIRER,24.0,219.49,108.37,182.65,,51.31,%,36.84,58.46,8.23,322.58,50070.47,329.75,,production,OP
2014-11-01,NO 15/9-F-1 C,7405,15/9-F-1 C,3420717,VOLVE,369304,MÆRSK INSPIRER,24.0,219.78,108.36,183.33,,50.92,%,36.46,51.98,7.83,316.54,49047.96,323.66,,production,OP
2014-11-02,NO 15/9-F-1 C,7405,15/9-F-1 C,3420717,VOLVE,369304,MÆRSK INSPIRER,24.0,220.07,108.35,183.84,,50.91,%,36.23,50.97,7.59,321.29,49771.51,329.74,,production,OP
2014-11-03,NO 15/9-F-1 C,7405,15/9-F-1 C,3420717,VOLVE,369304,MÆRSK INSPIRER,24.0,220.34,108.34,184.32,,50.93,%,36.03,54.66,7.38,295.17,45685.5,328.45,,production,OP
2014-11-04,NO 15/9-F-1 C,7405,15/9-F-1 C,3420717,VOLVE,369304,MÆRSK INSPIRER,24.0,220.49,108.34,184.59,,50.89,%,35.89,58.74,7.24,290.68,45093.92,304.68,,production,OP
2014-11-05,NO 15/9-F-1 C,7405,15/9-F-1 C,3420717,VOLVE,369304,MÆRSK INSPIRER,24.0,221.79,108.3,186.69,,51.13,%,35.1,58.08,6.45,288.26,44831.92,306.52,,production,OP
2014-11-06,NO 15/9-F-1 C,7405,15/9-F-1 C,3420717,VOLVE,369304,MÆRSK INSPIRER,24.0,221.69,108.29,186.54,,51.64,%,35.14,54.92,6.49,292.13,45409.59,310.29,,production,OP
2014-11-07,NO 15/9-F-1 C,7405,15/9-F-1 C,3420717,VOLVE,369304,MÆRSK INSPIRER,24.0,220.01,108.36,183.53,,50.84,%,36.48,56.36,7.92,293.13,45241.11,303.39,,production,OP
2014-11-08,NO 15/9-F-1 C,7405,15/9-F-1 C,3420717,VOLVE,369304,MÆRSK INSPIRER,24.0,219.99,108.36,183.72,,50.81,%,36.28,53.55,7.82,292.29,45656.62,321.66,,production,OP
2014-11-09,NO 15/9-F-1 C,7405,15/9-F-1 C,3420717,VOLVE,369304,MÆRSK INSPIRER,24.0,220.48,108.34,184.67,,50.8,%,35.81,53.34,7.39,289.93,45638.78,325.6,,production,OP
2014-11-10,NO 15/9-F-1 C,7405,15/9-F-1 C,3420717,VOLVE,369304,MÆRSK INSPIRER,24.0,222.47,108.29,188.08,,51.7,%,34.39,54.09,5.84,283.28,46087.72,324.04,,production,OP
2014-11-11,NO 15/9-F-1 C,7405,15/9-F-1 C,3420717,VOLVE,369304,MÆRSK INSPIRER,24.0,219.98,108.35,183.49,,51.7,%,36.49,60.34,8.04,294.55,46628.59,331.5,,production,OP
2014-11-12,NO 15/9-F-1 C,7405,15/9-F-1 C,3420717,VOLVE,369304,MÆRSK INSPIRER,24.0,219.18,108.38,182.74,,51.64,%,36.44,59.23,8.0,295.28,46218.27,317.91,,production,OP
2014-11-13,NO 15/9-F-1 C,7405,15/9-F-1 C,3420717,VOLVE,369304,MÆRSK INSPIRER,24.0,220.28,108.35,184.88,,51.61,%,35.39,58.76,6.95,290.93,45666.25,311.88,,production,OP
2014-11-14,NO 15/9-F-1 C,7405,15/9-F-1 C,3420717,VOLVE,369304,MÆRSK INSPIRER,24.0,220.88,108.33,185.65,,51.58,%,35.23,58.25,6.79,290.46,45494.2,311.76,,production,OP
2014-11-15,NO 15/9-F-1 C,7405,15/9-F-1 C,3420717,VOLVE,369304,MÆRSK INSPIRER,24.0,220.07,108.35,184.41,,51.6,%,35.66,58.0,7.22,293.48,45840.45,310.73,,production,OP
2014-11-16,NO 15/9-F-1 C,7405,15/9-F-1 C,3420717,VOLVE,369304,MÆRSK INSPIRER,24.0,221.14,108.32,186.35,,52.04,%,34.78,56.5,6.35,292.77,45756.05,319.06,,production,OP
2014-11-17,NO 15/9-F-1 C,7405,15/9-F-1 C,3420717,VOLVE,369304,MÆRSK INSPIRER,24.0,222.15,108.28,188.3,,52.62,%,33.84,56.0,5.41,293.11,45039.02,330.08,,production,OP
2014-11-18,NO 15/9-F-1 C,7405,15/9-F-1 C,3420717,VOLVE,369304,MÆRSK INSPIRER,24.0,220.41,108.35,184.33,,50.95,%,36.08,59.36,7.66,289.07,44152.35,313.15,,production,OP
2014-11-19,NO 15/9-F-1 C,7405,15/9-F-1 C,3420717,VOLVE,369304,MÆRSK INSPIRER,24.0,221.5,108.31,186.18,,50.93,%,35.32,58.97,6.9,281.74,43106.73,305.81,,production,OP
2014-11-20,NO 15/9-F-1 C,7405,15/9-F-1 C,3420717,VOLVE,369304,MÆRSK INSPIRER,24.0,220.0,108.34,183.56,,50.94,%,36.44,60.77,8.02,285.32,43755.31,302.5,,production,OP
2014-11-21,NO 15/9-F-1 C,7405,15/9-F-1 C,3420717,VOLVE,369304,MÆRSK INSPIRER,24.0,220.1,108.33,184.11,,50.93,%,35.99,59.96,7.57,283.6,43675.5,300.66,,production,OP
2014-11-22,NO 15/9-F-1 C,7405,15/9-F-1 C,3420717,VOLVE,369304,MÆRSK INSPIRER,24.0,219.92,108.33,183.98,,50.93,%,35.93,57.61,7.51,283.17,43476.89,300.48,,production,OP
2014-11-23,NO 15/9-F-1 C,7405,15/9-F-1 C,3420717,VOLVE,369304,MÆRSK INSPIRER,24.0,221.06,108.19,186.41,,50.85,%,34.65,56.58,6.22,272.89,42663.27,299.46,,production,OP
2014-11-30,NO 15/9-F-1 C,7405,15/9-F-1 C,3420717,VOLVE,369304,MÆRSK INSPIRER,12.0,247.36,105.83,208.74,,35.12,%,38.62,34.17,32.54,1.26,250.79,1.23,,production,OP
2014-12-01,NO 15/9-F-1 C,7405,15/9-F-1 C,3420717,VOLVE,369304,MÆRSK INSPIRER,13.5,255.41,105.65,248.87,,56.64,%,6.54,20.87,2.26,120.29,25857.08,183.44,,production,OP
2015-01-01,NO 15/9-F-1 C,7405,15/9-F-1 C,3420717,VOLVE,369304,MÆRSK INSPIRER,9.5,298.44,105.3,192.41,,44.0,%,106.03,21.34,77.95,94.01,16782.38,65.19,,production,OP
2015-01-02,NO 15/9-F-1 C,7405,15/9-F-1 C,3420717,VOLVE,369304,MÆRSK INSPIRER,24.0,292.15,107.43,191.89,,45.95,%,100.26,45.62,71.46,790.87,118908.67,299.67,,production,OP
2015-01-03,NO 15/9-F-1 C,7405,15/9-F-1 C,3420717,VOLVE,369304,MÆRSK INSPIRER,24.0,279.99,107.9,184.55,,47.8,%,95.44,60.85,66.34,916.81,148644.1,345.31,,production,OP
2015-01-04,NO 15/9-F-1 C,7405,15/9-F-1 C,3420717,VOLVE,369304,MÆRSK INSPIRER,24.0,271.3,107.91,184.71,,47.71,%,86.59,57.44,57.67,788.73,115569.52,400.83,,production,OP
2015-01-05,NO 15/9-F-1 C,7405,15/9-F-1 C,3420717,VOLVE,369304,MÆRSK INSPIRER,24.0,265.07,107.94,183.38,,47.87,%,81.69,56.25,52.7,790.15,115433.13,405.58,,production,OP
2015-01-06,NO 15/9-F-1 C,7405,15/9-F-1 C,3420717,VOLVE,369304,MÆRSK INSPIRER,24.0,258.83,107.95,182.74,,47.97,%,76.08,59.49,47.36,783.85,113935.04,411.88,,production,OP
2015-01-07,NO 15/9-F-1 C,7405,15/9-F-1 C,3420717,VOLVE,369304,MÆRSK INSPIRER,24.0,254.71,107.88,183.96,,47.38,%,70.75,53.0,42.01,574.29,84034.22,461.44,,production,OP
2015-01-08,NO 15/9-F-1 C,7405,15/9-F-1 C,3420717,VOLVE,369304,MÆRSK INSPIRER,24.0,251.04,107.88,182.46,,48.11,%,68.58,54.21,39.64,626.39,90849.23,512.88,,production,OP
2015-01-09,NO 15/9-F-1 C,7405,15/9-F-1 C,3420717,VOLVE,369304,MÆRSK INSPIRER,17.67,247.72,107.56,188.74,,36.35,%,58.99,48.26,31.62,355.75,51609.08,282.81,,production,OP
2015-01-10,NO 15/9-F-1 C,7405,15/9-F-1 C,3420717,VOLVE,369304,MÆRSK INSPIRER,20.67,244.41,107.64,179.18,,40.79,%,65.23,54.09,38.02,422.91,61324.12,311.75,,production,OP
2015-01-11,NO 15/9-F-1 C,7405,15/9-F-1 C,3420717,VOLVE,369304,MÆRSK INSPIRER,24.0,243.65,107.79,183.95,,47.87,%,59.7,54.04,30.23,486.97,70280.92,366.9,,production,OP
2015-01-12,NO 15/9-F-1 C,7405,15/9-F-1 C,3420717,VOLVE,369304,MÆRSK INSPIRER,24.0,239.91,107.88,177.74,,49.04,%,62.17,53.4,32.88,597.29,86569.34,418.66,,production,OP
2015-01-13,NO 15/9-F-1 C,7405,15/9-F-1 C,3420717,VOLVE,369304,MÆRSK INSPIRER,24.0,234.21,107.91,174.7,,50.16,%,59.51,56.32,30.12,610.33,88850.28,425.68,,production,OP
2015-01-14,NO 15/9-F-1 C,7405,15/9-F-1 C,3420717,VOLVE,369304,MÆRSK INSPIRER,24.0,230.07,107.54,188.15,,55.8,%,41.93,43.7,17.78,580.74,85171.1,438.07,,production,OP
2015-01-15,NO 15/9-F-1 C,7405,15/9-F-1 C,3420717,VOLVE,369304,MÆRSK INSPIRER,24.0,230.81,107.82,184.95,,50.54,%,45.86,53.75,23.55,461.02,66952.09,329.92,,production,OP
2015-01-16,NO 15/9-F-1 C,7405,15/9-F-1 C,3420717,VOLVE,369304,MÆRSK INSPIRER,24.0,229.09,107.82,178.17,,48.99,%,50.92,52.48,21.42,453.09,64393.57,307.31,,production,OP
2015-01-17,NO 15/9-F-1 C,7405,15/9-F-1 C,3420717,VOLVE,369304,MÆRSK INSPIRER,24.0,228.88,107.82,178.5,,48.97,%,50.39,52.67,20.97,418.97,61533.75,292.68,,production,OP
2015-01-18,NO 15/9-F-1 C,7405,15/9-F-1 C,3420717,VOLVE,369304,MÆRSK INSPIRER,24.0,228.88,107.82,178.5,,48.97,%,50.39,52.67,20.97,442.16,64668.4,292.77,,production,OP
2015-01-19,NO 15/9-F-1 C,7405,15/9-F-1 C,3420717,VOLVE,369304,MÆRSK INSPIRER,24.0,228.88,107.82,178.5,,48.97,%,50.39,52.67,20.97,447.32,65213.05,295.52,,production,OP
2015-01-20,NO 15/9-F-1 C,7405,15/9-F-1 C,3420717,VOLVE,369304,MÆRSK INSPIRER,18.67,224.08,107.21,173.06,,29.4,%,51.01,52.24,20.41,226.24,33090.82,180.33,,production,OP
2015-01-21,NO 15/9-F-1 C,7405,15/9-F-1 C,3420717,VOLVE,369304,MÆRSK INSPIRER,1.0,226.79,106.09,208.58,,18.77,%,18.21,18.18,0.41,7.64,1121.79,5.62,,production,OP
2015-02-09,NO 15/9-F-1 C,7405,15/9-F-1 C,3420717,VOLVE,369304,MÆRSK INSPIRER,10.48,273.92,107.03,222.66,,21.28,%,51.26,42.99,23.07,125.26,20461.25,471.47,,production,OP
2015-02-10,NO 15/9-F-1 C,7405,15/9-F-1 C,3420717,VOLVE,369304,MÆRSK INSPIRER,24.0,266.94,107.79,205.71,,48.9,%,61.24,62.48,32.59,402.41,61862.19,663.83,,production,OP
2015-02-11,NO 15/9-F-1 C,7405,15/9-F-1 C,3420717,VOLVE,369304,MÆRSK INSPIRER,24.0,259.99,107.91,199.3,,48.96,%,60.69,56.31,32.16,474.1,72529.77,557.04,,production,OP
2015-02-12,NO 15/9-F-1 C,7405,15/9-F-1 C,3420717,VOLVE,369304,MÆRSK INSPIRER,24.0,254.66,107.94,196.07,,48.95,%,58.59,58.91,30.12,466.03,71095.25,550.25,,production,OP
2015-02-13,NO 15/9-F-1 C,7405,15/9-F-1 C,3420717,VOLVE,369304,MÆRSK INSPIRER,24.0,248.49,107.06,192.85,,48.41,%,55.64,58.42,27.31,423.36,64496.63,534.75,,production,OP
2015-02-14,NO 15/9-F-1 C,7405,15/9-F-1 C,3420717,VOLVE,369304,MÆRSK INSPIRER,24.0,247.16,107.93,193.39,,49.02,%,53.77,62.62,25.17,421.26,64061.91,544.04,,production,OP
2015-02-15,NO 15/9-F-1 C,7405,15/9-F-1 C,3420717,VOLVE,369304,MÆRSK INSPIRER,24.0,242.39,106.97,191.19,,48.05,%,51.2,58.07,22.88,419.02,63549.54,538.95,,production,OP
2015-02-16,NO 15/9-F-1 C,7405,15/9-F-1 C,3420717,VOLVE,369304,MÆRSK INSPIRER,24.0,242.44,107.91,192.42,,49.03,%,50.02,56.41,21.45,419.54,63731.42,468.27,,production,OP
2015-02-17,NO 15/9-F-1 C,7405,15/9-F-1 C,3420717,VOLVE,369304,MÆRSK INSPIRER,24.0,240.78,107.9,192.22,,46.8,%,48.56,53.99,19.97,409.69,62914.7,474.07,,production,OP
2015-02-18,NO 15/9-F-1 C,7405,15/9-F-1 C,3420717,VOLVE,369304,MÆRSK INSPIRER,24.0,237.66,107.98,188.09,,50.76,%,49.57,54.73,20.96,519.64,77678.67,551.1,,production,OP
2015-02-19,NO 15/9-F-1 C,7405,15/9-F-1 C,3420717,VOLVE,369304,MÆRSK INSPIRER,24.0,230.46,108.07,180.78,,52.93,%,49.69,62.2,21.09,652.82,97101.11,618.78,,production,OP
2015-02-20,NO 15/9-F-1 C,7405,15/9-F-1 C,3420717,VOLVE,369304,MÆRSK INSPIRER,24.0,226.45,108.04,179.56,,53.11,%,46.89,64.84,18.08,638.16,95395.52,702.45,,production,OP
2015-02-21,NO 15/9-F-1 C,7405,15/9-F-1 C,3420717,VOLVE,369304,MÆRSK INSPIRER,24.0,223.74,108.02,179.72,,53.24,%,44.02,68.06,15.42,624.59,93261.67,672.22,,production,OP
2015-02-22,NO 15/9-F-1 C,7405,15/9-F-1 C,3420717,VOLVE,369304,MÆRSK INSPIRER,24.0,222.11,108.01,180.59,,53.32,%,41.52,63.3,12.91,475.6,70961.75,544.64,,production,OP
2015-02-23,NO 15/9-F-1 C,7405,15/9-F-1 C,3420717,VOLVE,369304,MÆRSK INSPIRER,24.0,221.14,108.0,181.79,,53.27,%,39.35,56.3,10.72,410.07,61684.06,479.46,,production,OP
2015-02-24,NO 15/9-F-1 C,7405,15/9-F-1 C,3420717,VOLVE,369304,MÆRSK INSPIRER,24.0,219.29,108.04,179.9,,55.84,%,39.4,63.13,10.44,625.9,92974.81,555.93,,production,OP
2015-02-25,NO 15/9-F-1 C,7405,15/9-F-1 C,3420717,VOLVE,369304,MÆRSK INSPIRER,24.0,211.72,108.18,170.84,,60.37,%,40.87,74.28,12.05,940.93,137836.14,770.81,,production,OP
2015-02-26,NO 15/9-F-1 C,7405,15/9-F-1 C,3420717,VOLVE,369304,MÆRSK INSPIRER,24.0,208.74,108.16,171.63,,60.36,%,37.11,68.83,8.47,738.49,108413.19,622.56,,production,OP
2015-02-27,NO 15/9-F-1 C,7405,15/9-F-1 C,3420717,VOLVE,369304,MÆRSK INSPIRER,18.94,208.16,108.1,174.59,,47.62,%,33.57,61.43,4.96,399.77,59444.09,424.37,,production,OP
2015-03-18,NO 15/9-F-1 C,7405,15/9-F-1 C,3420717,VOLVE,369304,MÆRSK INSPIRER,8.21,269.12,106.7,231.8,,19.22,%,37.31,47.54,18.62,91.76,13339.36,411.9,,production,OP
2015-03-19,NO 15/9-F-1 C,7405,15/9-F-1 C,3420717,VOLVE,369304,MÆRSK INSPIRER,24.0,260.26,107.95,222.06,,51.61,%,38.2,68.47,21.5,216.14,31636.31,1040.42,,production,OP
2015-03-20,NO 15/9-F-1 C,7405,15/9-F-1 C,3420717,VOLVE,369304,MÆRSK INSPIRER,24.0,252.95,108.14,211.76,,51.83,%,41.19,70.3,24.52,222.87,32483.8,1131.36,,production,OP
2015-03-21,NO 15/9-F-1 C,7405,15/9-F-1 C,3420717,VOLVE,369304,MÆRSK INSPIRER,24.0,246.42,108.18,203.14,,51.96,%,43.28,72.43,24.56,225.74,32819.07,1066.04,,production,OP
2015-03-22,NO 15/9-F-1 C,7405,15/9-F-1 C,3420717,VOLVE,369304,MÆRSK INSPIRER,24.0,241.95,108.16,198.66,,53.55,%,43.29,59.77,14.72,385.1,58378.5,759.09,,production,OP
2015-03-23,NO 15/9-F-1 C,7405,15/9-F-1 C,3420717,VOLVE,369304,MÆRSK INSPIRER,24.0,238.2,108.14,196.35,,53.52,%,41.85,65.74,13.36,342.99,53457.1,698.06,,production,OP
2015-03-24,NO 15/9-F-1 C,7405,15/9-F-1 C,3420717,VOLVE,369304,MÆRSK INSPIRER,24.0,235.29,108.12,194.72,,53.54,%,40.57,68.67,12.08,355.76,54800.79,798.3,,production,OP
2015-03-25,NO 15/9-F-1 C,7405,15/9-F-1 C,3420717,VOLVE,369304,MÆRSK INSPIRER,24.0,232.31,108.13,192.6,,54.72,%,39.71,69.84,11.07,447.87,67646.23,898.3,,production,OP
2015-03-26,NO 15/9-F-1 C,7405,15/9-F-1 C,3420717,VOLVE,369304,MÆRSK INSPIRER,24.0,223.93,108.24,184.04,,60.04,%,39.9,75.17,8.74,609.35,89538.88,872.75,,production,OP
2015-03-27,NO 15/9-F-1 C,7405,15/9-F-1 C,3420717,VOLVE,369304,MÆRSK INSPIRER,24.0,220.57,108.19,182.85,,59.87,%,37.73,71.97,6.66,618.61,89062.1,854.72,,production,OP
2015-03-28,NO 15/9-F-1 C,7405,15/9-F-1 C,3420717,VOLVE,369304,MÆRSK INSPIRER,24.0,217.49,108.19,181.03,,59.9,%,36.46,68.14,6.99,565.02,75662.72,781.51,,production,OP
2015-03-29,NO 15/9-F-1 C,7405,15/9-F-1 C,3420717,VOLVE,369304,MÆRSK INSPIRER,24.0,214.87,108.18,179.83,,57.23,%,35.03,72.43,6.43,550.72,79169.64,757.13,,production,OP
2015-03-30,NO 15/9-F-1 C,7405,15/9-F-1 C,3420717,VOLVE,369304,MÆRSK INSPIRER,24.0,212.16,108.2,177.88,,63.47,%,34.28,72.81,5.3,624.44,90173.3,779.34,,production,OP
2015-03-31,NO 15/9-F-1 C,7405,15/9-F-1 C,3420717,VOLVE,369304,MÆRSK INSPIRER,24.0,208.37,108.21,175.39,,65.02,%,32.97,73.49,4.23,622.85,88513.65,758.52,,production,OP
2015-04-01,NO 15/9-F-1 C,7405,15/9-F-1 C,3420717,VOLVE,369304,MÆRSK INSPIRER,6.46,211.3,107.04,182.84,,17.95,%,28.46,34.81,0.52,57.52,8421.71,72.16,,production,OP
2015-04-20,NO 15/9-F-1 C,7405,15/9-F-1 C,3420717,VOLVE,369304,MÆRSK INSPIRER,16.38,275.59,106.04,238.98,,31.69,%,36.61,31.72,18.5,81.91,11892.81,490.87,,production,OP
2015-04-21,NO 15/9-F-1 C,7405,15/9-F-1 C,3420717,VOLVE,369304,MÆRSK INSPIRER,24.0,262.87,108.02,230.0,,52.62,%,32.88,74.12,20.16,172.87,25443.87,1263.33,,production,OP
2015-04-22,NO 15/9-F-1 C,7405,15/9-F-1 C,3420717,VOLVE,369304,MÆRSK INSPIRER,24.0,253.77,108.16,216.69,,52.6,%,37.07,76.61,21.69,268.47,39276.35,1093.31,,production,OP
2015-04-23,NO 15/9-F-1 C,7405,15/9-F-1 C,3420717,VOLVE,369304,MÆRSK INSPIRER,24.0,248.85,108.15,209.49,,52.66,%,39.36,72.49,15.13,320.34,46340.29,879.08,,production,OP
2015-04-24,NO 15/9-F-1 C,7405,15/9-F-1 C,3420717,VOLVE,369304,MÆRSK INSPIRER,24.0,246.51,108.11,206.77,,52.65,%,39.75,66.23,10.82,318.85,46150.43,877.01,,production,OP
2015-04-25,NO 15/9-F-1 C,7405,15/9-F-1 C,3420717,VOLVE,369304,MÆRSK INSPIRER,24.0,243.7,108.11,204.35,,52.7,%,39.35,67.09,10.42,340.53,49280.04,822.81,,production,OP
2015-04-26,NO 15/9-F-1 C,7405,15/9-F-1 C,3420717,VOLVE,369304,MÆRSK INSPIRER,24.0,241.29,108.1,202.56,,52.7,%,38.73,67.05,9.82,339.92,49138.37,770.94,,production,OP
2015-04-27,NO 15/9-F-1 C,7405,15/9-F-1 C,3420717,VOLVE,369304,MÆRSK INSPIRER,24.0,236.87,108.2,198.19,,55.27,%,38.68,70.36,9.7,396.95,57219.1,899.34,,production,OP
2015-04-28,NO 15/9-F-1 C,7405,15/9-F-1 C,3420717,VOLVE,369304,MÆRSK INSPIRER,24.0,232.03,108.23,194.03,,56.91,%,37.99,71.3,9.0,443.99,63898.13,911.0,,production,OP
2015-04-29,NO 15/9-F-1 C,7405,15/9-F-1 C,3420717,VOLVE,369304,MÆRSK INSPIRER,24.0,224.94,108.29,187.75,,59.77,%,37.2,76.53,8.28,574.96,82467.28,814.2,,production,OP
2015-04-30,NO 15/9-F-1 C,7405,15/9-F-1 C,3420717,VOLVE,369304,MÆRSK INSPIRER,24.0,219.37,108.28,183.72,,62.13,%,35.64,77.14,6.73,607.87,87181.43,921.11,,production,OP
2015-05-01,NO 15/9-F-1 C,7405,15/9-F-1 C,3420717,VOLVE,369304,MÆRSK INSPIRER,24.0,213.64,108.29,179.57,,65.02,%,34.07,77.72,5.31,664.96,94868.52,926.26,,production,OP
2015-05-02,NO 15/9-F-1 C,7405,15/9-F-1 C,3420717,VOLVE,369304,MÆRSK INSPIRER,24.0,210.48,108.26,178.24,,68.39,%,32.24,76.68,3.58,621.12,88495.68,868.75,,production,OP
2015-05-03,NO 15/9-F-1 C,7405,15/9-F-1 C,3420717,VOLVE,369304,MÆRSK INSPIRER,9.71,209.44,108.23,178.18,,28.41,%,31.26,75.01,2.68,211.5,30482.87,298.81,,production,OP
2015-05-22,NO 15/9-F-1 C,7405,15/9-F-1 C,3420717,VOLVE,369304,MÆRSK INSPIRER,7.38,264.55,107.26,235.45,,22.22,%,29.1,66.36,12.03,143.08,20890.14,228.12,,production,OP
2015-05-23,NO 15/9-F-1 C,7405,15/9-F-1 C,3420717,VOLVE,369304,MÆRSK INSPIRER,24.0,249.2,108.2,220.22,,73.66,%,28.98,83.42,6.57,502.61,76174.53,768.26,,production,OP
2015-05-24,NO 15/9-F-1 C,7405,15/9-F-1 C,3420717,VOLVE,369304,MÆRSK INSPIRER,24.0,235.03,108.32,199.97,,68.76,%,35.07,79.0,5.73,537.12,78842.94,864.41,,production,OP
2015-05-25,NO 15/9-F-1 C,7405,15/9-F-1 C,3420717,VOLVE,369304,MÆRSK INSPIRER,24.0,233.43,108.17,197.16,,57.35,%,36.27,74.12,7.48,504.77,74291.45,803.3,,production,OP
2015-05-26,NO 15/9-F-1 C,7405,15/9-F-1 C,3420717,VOLVE,369304,MÆRSK INSPIRER,24.0,232.6,108.1,197.79,,56.38,%,34.81,70.58,6.06,353.36,51937.64,762.44,,production,OP
2015-05-27,NO 15/9-F-1 C,7405,15/9-F-1 C,3420717,VOLVE,369304,MÆRSK INSPIRER,20.0,232.83,107.77,200.67,,56.46,%,32.17,56.43,3.48,294.17,43076.57,647.12,,production,OP
2015-06-11,NO 15/9-F-1 C,7405,15/9-F-1 C,3420717,VOLVE,369304,MÆRSK INSPIRER,10.45,272.69,106.9,239.07,,22.76,%,33.62,43.11,16.68,83.28,12120.39,435.49,,production,OP
2015-06-12,NO 15/9-F-1 C,7405,15/9-F-1 C,3420717,VOLVE,369304,MÆRSK INSPIRER,24.0,259.99,107.94,226.55,,60.86,%,33.44,74.25,5.69,212.85,31054.74,1287.37,,production,OP
2015-06-13,NO 15/9-F-1 C,7405,15/9-F-1 C,3420717,VOLVE,369304,MÆRSK INSPIRER,24.0,253.85,108.07,217.28,,54.85,%,36.57,74.57,8.83,256.04,36917.37,1013.18,,production,OP
2015-06-14,NO 15/9-F-1 C,7405,15/9-F-1 C,3420717,VOLVE,369304,MÆRSK INSPIRER,24.0,251.03,108.03,212.33,,51.82,%,38.69,67.98,10.96,235.07,34214.48,746.84,,production,OP
2015-06-15,NO 15/9-F-1 C,7405,15/9-F-1 C,3420717,VOLVE,369304,MÆRSK INSPIRER,24.0,248.77,108.02,209.88,,51.75,%,38.89,66.48,11.15,240.06,34789.31,703.21,,production,OP
2015-06-16,NO 15/9-F-1 C,7405,15/9-F-1 C,3420717,VOLVE,369304,MÆRSK INSPIRER,24.0,246.56,107.99,208.35,,51.48,%,38.21,63.71,10.5,245.4,35542.65,603.86,,production,OP
2015-06-17,NO 15/9-F-1 C,7405,15/9-F-1 C,3420717,VOLVE,369304,MÆRSK INSPIRER,24.0,245.2,107.96,207.84,,51.35,%,37.36,60.13,9.6,221.41,32378.43,550.44,,production,OP
2015-06-18,NO 15/9-F-1 C,7405,15/9-F-1 C,3420717,VOLVE,369304,MÆRSK INSPIRER,24.0,243.78,107.96,207.09,,51.82,%,36.69,62.83,8.93,223.27,32481.18,544.72,,production,OP
2015-06-19,NO 15/9-F-1 C,7405,15/9-F-1 C,3420717,VOLVE,369304,MÆRSK INSPIRER,24.0,242.22,107.98,206.11,,52.1,%,36.11,63.52,8.35,229.63,34081.21,554.54,,production,OP
2015-06-20,NO 15/9-F-1 C,7405,15/9-F-1 C,3420717,VOLVE,369304,MÆRSK INSPIRER,24.0,240.64,107.98,205.19,,52.45,%,35.45,63.17,7.69,219.05,32411.65,556.43,,production,OP
2015-06-21,NO 15/9-F-1 C,7405,15/9-F-1 C,3420717,VOLVE,369304,MÆRSK INSPIRER,24.0,239.85,107.96,205.38,,52.69,%,34.47,62.14,6.7,204.65,30485.3,535.84,,production,OP
2015-06-22,NO 15/9-F-1 C,7405,15/9-F-1 C,3420717,VOLVE,369304,MÆRSK INSPIRER,24.0,238.53,108.0,203.96,,53.39,%,34.57,64.55,6.81,211.31,31255.55,548.94,,production,OP
2015-06-23,NO 15/9-F-1 C,7405,15/9-F-1 C,3420717,VOLVE,369304,MÆRSK INSPIRER,24.0,234.81,108.15,199.13,,55.36,%,35.68,70.45,7.94,337.64,49947.53,745.74,,production,OP
2015-06-24,NO 15/9-F-1 C,7405,15/9-F-1 C,3420717,VOLVE,369304,MÆRSK INSPIRER,24.0,228.97,108.22,192.65,,56.58,%,36.32,74.71,8.63,422.22,62161.12,822.75,,production,OP
2015-06-25,NO 15/9-F-1 C,7405,15/9-F-1 C,3420717,VOLVE,369304,MÆRSK INSPIRER,24.0,226.22,108.17,191.41,,56.56,%,34.8,73.23,7.14,387.93,57124.89,710.71,,production,OP
2015-06-26,NO 15/9-F-1 C,7405,15/9-F-1 C,3420717,VOLVE,369304,MÆRSK INSPIRER,24.0,224.21,108.16,190.43,,58.21,%,33.78,72.32,5.96,446.62,65355.84,765.45,,production,OP
2015-06-27,NO 15/9-F-1 C,7405,15/9-F-1 C,3420717,VOLVE,369304,MÆRSK INSPIRER,24.0,221.04,108.2,187.74,,60.89,%,33.31,73.68,4.77,435.55,63621.32,747.14,,production,OP
2015-06-28,NO 15/9-F-1 C,7405,15/9-F-1 C,3420717,VOLVE,369304,MÆRSK INSPIRER,24.0,218.24,108.22,185.84,,62.83,%,32.4,72.15,3.91,451.91,66072.21,751.35,,production,OP
2015-06-29,NO 15/9-F-1 C,7405,15/9-F-1 C,3420717,VOLVE,369304,MÆRSK INSPIRER,24.0,213.81,108.29,181.87,,69.61,%,31.94,75.97,3.6,635.31,91315.49,973.87,,production,OP
2015-06-30,NO 15/9-F-1 C,7405,15/9-F-1 C,3420717,VOLVE,369304,MÆRSK INSPIRER,24.0,207.22,108.32,176.36,,73.33,%,30.86,77.13,3.12,645.3,92006.82,950.82,,production,OP
2015-07-01,NO 15/9-F-1 C,7405,15/9-F-1 C,3420717,VOLVE,369304,MÆRSK INSPIRER,3.29,211.12,107.52,183.44,,10.21,%,27.69,41.21,0.49,15.53,2297.31,26.37,,production,OP
2015-07-22,NO 15/9-F-1 C,7405,15/9-F-1 C,3420717,VOLVE,369304,MÆRSK INSPIRER,22.38,268.88,107.55,240.58,,55.02,%,28.3,64.06,10.21,110.7,16834.25,1201.2,,production,OP
2015-07-23,NO 15/9-F-1 C,7405,15/9-F-1 C,3420717,VOLVE,369304,MÆRSK INSPIRER,24.0,257.85,108.12,228.91,,76.03,%,28.94,73.51,1.65,165.82,25057.07,1349.74,,production,OP
2015-07-24,NO 15/9-F-1 C,7405,15/9-F-1 C,3420717,VOLVE,369304,MÆRSK INSPIRER,24.0,248.66,108.21,216.19,,62.37,%,32.46,77.3,4.82,264.65,39858.61,1152.34,,production,OP
2015-07-25,NO 15/9-F-1 C,7405,15/9-F-1 C,3420717,VOLVE,369304,MÆRSK INSPIRER,24.0,248.32,108.08,213.9,,53.83,%,34.42,70.6,7.17,204.35,30789.46,744.25,,production,OP
2015-07-26,NO 15/9-F-1 C,7405,15/9-F-1 C,3420717,VOLVE,369304,MÆRSK INSPIRER,24.0,245.79,108.1,211.31,,53.76,%,34.48,69.99,7.23,229.61,34487.65,733.71,,production,OP
2015-07-27,NO 15/9-F-1 C,7405,15/9-F-1 C,3420717,VOLVE,369304,MÆRSK INSPIRER,24.0,243.76,108.08,209.6,,53.48,%,34.15,68.88,6.91,227.7,34207.25,677.96,,production,OP
2015-07-28,NO 15/9-F-1 C,7405,15/9-F-1 C,3420717,VOLVE,369304,MÆRSK INSPIRER,24.0,242.08,108.06,208.54,,53.41,%,33.54,67.5,6.28,223.78,33825.26,670.66,,production,OP
2015-07-29,NO 15/9-F-1 C,7405,15/9-F-1 C,3420717,VOLVE,369304,MÆRSK INSPIRER,24.0,241.1,108.01,208.55,,53.51,%,32.55,65.37,5.28,182.64,27538.19,580.04,,production,OP
2015-07-30,NO 15/9-F-1 C,7405,15/9-F-1 C,3420717,VOLVE,369304,MÆRSK INSPIRER,24.0,240.01,108.04,207.54,,54.51,%,32.47,65.54,5.2,201.69,30240.3,609.11,,production,OP
2015-07-31,NO 15/9-F-1 C,7405,15/9-F-1 C,3420717,VOLVE,369304,MÆRSK INSPIRER,24.0,237.16,108.13,204.27,,56.36,%,32.89,67.56,5.46,267.48,40043.61,708.88,,production,OP
2015-08-01,NO 15/9-F-1 C,7405,15/9-F-1 C,3420717,VOLVE,369304,MÆRSK INSPIRER,24.0,231.57,108.25,197.86,,58.65,%,33.71,68.34,5.98,350.0,52296.95,826.33,,production,OP
2015-08-02,NO 15/9-F-1 C,7405,15/9-F-1 C,3420717,VOLVE,369304,MÆRSK INSPIRER,24.0,229.02,108.17,196.69,,58.56,%,32.34,67.77,4.7,322.99,48064.42,713.45,,production,OP
2015-08-03,NO 15/9-F-1 C,7405,15/9-F-1 C,3420717,VOLVE,369304,MÆRSK INSPIRER,24.0,225.79,108.22,193.71,,62.1,%,32.08,73.15,3.93,384.65,57758.9,819.92,,production,OP
2015-08-04,NO 15/9-F-1 C,7405,15/9-F-1 C,3420717,VOLVE,369304,MÆRSK INSPIRER,24.0,220.5,108.25,188.27,,63.75,%,32.23,73.75,3.9,443.81,66824.44,844.98,,production,OP
2015-08-05,NO 15/9-F-1 C,7405,15/9-F-1 C,3420717,VOLVE,369304,MÆRSK INSPIRER,24.0,213.11,108.29,182.85,,70.88,%,30.26,72.73,5.83,732.83,107840.05,1146.74,,production,OP
2015-08-06,NO 15/9-F-1 C,7405,15/9-F-1 C,3420717,VOLVE,369304,MÆRSK INSPIRER,24.0,208.74,108.28,179.07,,73.52,%,29.67,75.58,2.39,583.05,86709.92,875.53,,production,OP
2015-08-07,NO 15/9-F-1 C,7405,15/9-F-1 C,3420717,VOLVE,369304,MÆRSK INSPIRER,3.79,210.44,108.14,183.61,,11.83,%,26.83,71.1,1.2,53.69,8197.91,107.08,,production,OP
2015-09-04,NO 15/9-F-1 C,7405,15/9-F-1 C,3420717,VOLVE,369304,MÆRSK INSPIRER,16.16,277.59,107.37,244.14,,38.67,%,33.45,58.75,9.03,176.51,27383.9,933.81,,production,OP
2015-09-05,NO 15/9-F-1 C,7405,15/9-F-1 C,3420717,VOLVE,369304,MÆRSK INSPIRER,24.0,265.46,108.04,231.91,,58.93,%,33.55,78.66,6.86,291.3,44064.48,1417.15,,production,OP
2015-09-06,NO 15/9-F-1 C,7405,15/9-F-1 C,3420717,VOLVE,369304,MÆRSK INSPIRER,24.0,258.2,108.09,222.72,,55.81,%,35.48,76.71,8.78,344.41,51698.11,1068.6,,production,OP
2015-09-07,NO 15/9-F-1 C,7405,15/9-F-1 C,3420717,VOLVE,369304,MÆRSK INSPIRER,24.0,253.93,108.1,217.29,,53.86,%,36.65,73.61,9.98,360.29,53948.96,983.35,,production,OP
2015-09-08,NO 15/9-F-1 C,7405,15/9-F-1 C,3420717,VOLVE,369304,MÆRSK INSPIRER,24.0,250.73,108.09,214.03,,53.29,%,36.7,71.53,10.04,369.91,55458.25,855.05,,production,OP
2015-09-09,NO 15/9-F-1 C,7405,15/9-F-1 C,3420717,VOLVE,369304,MÆRSK INSPIRER,24.0,247.68,108.08,211.45,,53.29,%,36.23,70.85,9.57,370.14,55321.24,818.86,,production,OP
2015-09-10,NO 15/9-F-1 C,7405,15/9-F-1 C,3420717,VOLVE,369304,MÆRSK INSPIRER,24.0,245.18,108.07,209.84,,53.29,%,35.34,69.52,8.69,355.61,53158.57,754.21,,production,OP
2015-09-11,NO 15/9-F-1 C,7405,15/9-F-1 C,3420717,VOLVE,369304,MÆRSK INSPIRER,24.0,243.32,108.03,209.23,,53.27,%,34.09,67.37,7.44,334.51,50330.73,706.99,,production,OP
2015-09-12,NO 15/9-F-1 C,7405,15/9-F-1 C,3420717,VOLVE,369304,MÆRSK INSPIRER,24.0,239.66,108.14,205.56,,55.98,%,34.1,71.44,7.38,397.18,58900.62,858.09,,production,OP
2015-09-13,NO 15/9-F-1 C,7405,15/9-F-1 C,3420717,VOLVE,369304,MÆRSK INSPIRER,24.0,235.34,108.16,201.88,,56.81,%,33.46,70.46,6.75,411.79,60948.22,840.38,,production,OP
2015-09-14,NO 15/9-F-1 C,7405,15/9-F-1 C,3420717,VOLVE,369304,MÆRSK INSPIRER,24.0,232.75,108.14,200.33,,57.75,%,32.42,71.88,5.64,427.44,64121.63,817.92,,production,OP
2015-09-15,NO 15/9-F-1 C,7405,15/9-F-1 C,3420717,VOLVE,369304,MÆRSK INSPIRER,24.0,228.47,108.19,196.54,,60.31,%,31.92,73.62,4.95,434.04,64316.54,890.56,,production,OP
2015-09-16,NO 15/9-F-1 C,7405,15/9-F-1 C,3420717,VOLVE,369304,MÆRSK INSPIRER,24.0,225.03,108.18,193.95,,62.17,%,31.08,73.85,3.96,438.65,64702.0,887.5,,production,OP
2015-09-17,NO 15/9-F-1 C,7405,15/9-F-1 C,3420717,VOLVE,369304,MÆRSK INSPIRER,24.0,220.58,108.21,189.58,,65.8,%,31.01,76.78,3.37,515.22,76528.74,931.11,,production,OP
2015-09-18,NO 15/9-F-1 C,7405,15/9-F-1 C,3420717,VOLVE,369304,MÆRSK INSPIRER,24.0,214.0,108.28,183.17,,77.68,%,30.83,79.78,2.25,614.6,89918.26,1061.29,,production,OP
2015-09-19,NO 15/9-F-1 C,7405,15/9-F-1 C,3420717,VOLVE,369304,MÆRSK INSPIRER,24.0,211.5,108.07,182.98,,93.64,%,28.53,72.66,1.08,509.6,74359.25,765.82,,production,OP
2015-09-20,NO 15/9-F-1 C,7405,15/9-F-1 C,3420717,VOLVE,369304,MÆRSK INSPIRER,8.31,217.54,105.91,192.88,,34.85,%,24.67,29.36,0.19,109.07,16388.92,176.43,,production,OP
2015-10-14,NO 15/9-F-1 C,7405,15/9-F-1 C,3420717,VOLVE,369304,MÆRSK INSPIRER,6.11,282.5,105.6,227.81,,13.46,%,54.69,35.89,31.84,68.45,10292.08,231.01,,production,OP
2015-10-15,NO 15/9-F-1 C,7405,15/9-F-1 C,3420717,VOLVE,369304,MÆRSK INSPIRER,24.0,266.73,107.9,239.88,,59.01,%,26.85,79.76,8.12,105.62,16146.96,1645.08,,production,OP
2015-10-16,NO 15/9-F-1 C,7405,15/9-F-1 C,3420717,VOLVE,369304,MÆRSK INSPIRER,24.0,257.86,108.05,228.38,,55.38,%,29.48,80.06,10.76,157.84,23819.66,1228.59,,production,OP
2015-10-17,NO 15/9-F-1 C,7405,15/9-F-1 C,3420717,VOLVE,369304,MÆRSK INSPIRER,24.0,254.75,108.0,222.53,,51.61,%,32.23,72.93,13.5,153.95,23111.45,862.14,,production,OP
2015-10-18,NO 15/9-F-1 C,7405,15/9-F-1 C,3420717,VOLVE,369304,MÆRSK INSPIRER,24.0,253.1,107.96,220.29,,50.17,%,32.81,69.05,14.09,150.21,22354.38,714.55,,production,OP
2015-10-19,NO 15/9-F-1 C,7405,15/9-F-1 C,3420717,VOLVE,369304,MÆRSK INSPIRER,24.0,248.92,108.09,215.46,,52.32,%,33.46,72.88,14.75,225.44,33844.5,861.16,,production,OP
2015-10-20,NO 15/9-F-1 C,7405,15/9-F-1 C,3420717,VOLVE,369304,MÆRSK INSPIRER,24.0,244.91,108.09,211.13,,51.12,%,33.77,69.84,15.09,220.67,33090.49,816.18,,production,OP
2015-10-21,NO 15/9-F-1 C,7405,15/9-F-1 C,3420717,VOLVE,369304,MÆRSK INSPIRER,24.0,243.21,108.03,210.34,,52.89,%,32.87,61.2,9.91,208.22,31224.76,701.65,,production,OP
2015-10-22,NO 15/9-F-1 C,7405,15/9-F-1 C,3420717,VOLVE,369304,MÆRSK INSPIRER,24.0,240.39,108.07,208.13,,55.4,%,32.26,64.32,6.16,217.89,32598.24,698.55,,production,OP
2015-10-23,NO 15/9-F-1 C,7405,15/9-F-1 C,3420717,VOLVE,369304,MÆRSK INSPIRER,24.0,238.34,108.06,207.07,,56.32,%,31.26,64.55,5.21,218.67,32908.07,729.62,,production,OP
2015-10-24,NO 15/9-F-1 C,7405,15/9-F-1 C,3420717,VOLVE,369304,MÆRSK INSPIRER,24.0,234.84,108.11,203.85,,58.33,%,30.99,66.51,4.64,252.89,38310.69,735.2,,production,OP
2015-10-25,NO 15/9-F-1 C,7405,15/9-F-1 C,3420717,VOLVE,369304,MÆRSK INSPIRER,24.0,232.59,108.07,202.54,,59.99,%,30.05,66.58,5.23,284.35,42500.83,786.01,,production,OP
2015-10-26,NO 15/9-F-1 C,7405,15/9-F-1 C,3420717,VOLVE,369304,MÆRSK INSPIRER,24.0,226.84,108.18,194.5,,55.62,%,32.35,70.54,13.63,393.65,64546.06,860.01,,production,OP
2015-10-27,NO 15/9-F-1 C,7405,15/9-F-1 C,3420717,VOLVE,369304,MÆRSK INSPIRER,24.0,222.45,108.17,191.26,,56.49,%,31.19,75.35,12.5,418.62,68466.4,846.55,,production,OP
2015-10-28,NO 15/9-F-1 C,7405,15/9-F-1 C,3420717,VOLVE,369304,MÆRSK INSPIRER,24.0,219.68,108.14,189.72,,56.47,%,29.96,73.91,11.28,399.81,64240.2,801.29,,production,OP
2015-10-29,NO 15/9-F-1 C,7405,15/9-F-1 C,3420717,VOLVE,369304,MÆRSK INSPIRER,24.0,214.76,108.23,185.27,,67.67,%,29.49,76.51,7.43,606.2,93397.01,1014.43,,production,OP
2015-10-30,NO 15/9-F-1 C,7405,15/9-F-1 C,3420717,VOLVE,369304,MÆRSK INSPIRER,1.69,213.32,108.16,183.93,,6.64,%,29.39,73.71,1.21,3.32,520.78,6.69,,production,OP
2015-11-18,NO 15/9-F-1 C,7405,15/9-F-1 C,3420717,VOLVE,369304,MÆRSK INSPIRER,13.26,278.77,106.3,237.32,,27.95,%,41.45,35.5,23.57,63.09,9772.33,409.68,,production,OP
2015-11-19,NO 15/9-F-1 C,7405,15/9-F-1 C,3420717,VOLVE,369304,MÆRSK INSPIRER,24.0,270.76,107.61,243.92,,56.91,%,26.84,64.63,5.68,57.47,8877.68,849.97,,production,OP
2015-11-20,NO 15/9-F-1 C,7405,15/9-F-1 C,3420717,VOLVE,369304,MÆRSK INSPIRER,24.0,263.88,107.88,237.19,,60.68,%,26.69,74.1,5.13,175.11,27014.97,1130.83,,production,OP
2015-11-21,NO 15/9-F-1 C,7405,15/9-F-1 C,3420717,VOLVE,369304,MÆRSK INSPIRER,24.0,251.5,108.18,222.5,,60.69,%,29.0,81.46,7.43,252.27,38791.28,1424.88,,production,OP
2015-11-22,NO 15/9-F-1 C,7405,15/9-F-1 C,3420717,VOLVE,369304,MÆRSK INSPIRER,24.0,244.37,108.21,212.29,,60.67,%,32.07,79.66,6.45,303.18,46436.13,1031.61,,production,OP
2015-11-23,NO 15/9-F-1 C,7405,15/9-F-1 C,3420717,VOLVE,369304,MÆRSK INSPIRER,24.0,239.83,108.2,206.72,,60.62,%,33.11,71.81,5.64,303.74,46216.16,1034.87,,production,OP
2015-11-24,NO 15/9-F-1 C,7405,15/9-F-1 C,3420717,VOLVE,369304,MÆRSK INSPIRER,24.0,236.09,108.17,203.77,,60.61,%,32.32,73.65,4.79,301.02,45609.62,910.3,,production,OP
2015-11-25,NO 15/9-F-1 C,7405,15/9-F-1 C,3420717,VOLVE,369304,MÆRSK INSPIRER,24.0,232.99,108.16,201.83,,62.96,%,31.16,74.78,3.62,308.88,46935.86,932.64,,production,OP
2015-11-26,NO 15/9-F-1 C,7405,15/9-F-1 C,3420717,VOLVE,369304,MÆRSK INSPIRER,24.0,229.88,108.13,199.97,,65.61,%,29.91,68.74,2.53,289.87,44165.41,799.32,,production,OP
2015-11-27,NO 15/9-F-1 C,7405,15/9-F-1 C,3420717,VOLVE,369304,MÆRSK INSPIRER,24.0,227.09,108.15,197.44,,55.42,%,29.65,69.43,10.64,311.81,47139.21,853.14,,production,OP
2015-11-28,NO 15/9-F-1 C,7405,15/9-F-1 C,3420717,VOLVE,369304,MÆRSK INSPIRER,24.0,224.29,108.13,195.16,,55.42,%,29.13,69.38,10.37,318.61,48869.1,808.83,,production,OP
2015-11-29,NO 15/9-F-1 C,7405,15/9-F-1 C,3420717,VOLVE,369304,MÆRSK INSPIRER,24.0,222.15,108.11,193.65,,55.49,%,28.49,70.79,9.75,324.82,49522.64,753.11,,production,OP
2015-11-30,NO 15/9-F-1 C,7405,15/9-F-1 C,3420717,VOLVE,369304,MÆRSK INSPIRER,24.0,220.58,108.09,192.87,,55.48,%,27.71,72.7,8.99,322.18,49034.04,743.13,,production,OP
2015-12-01,NO 15/9-F-1 C,7405,15/9-F-1 C,3420717,VOLVE,369304,MÆRSK INSPIRER,24.0,219.29,108.08,192.19,,55.74,%,27.1,71.46,8.56,318.37,48722.55,736.98,,production,OP
2015-12-02,NO 15/9-F-1 C,7405,15/9-F-1 C,3420717,VOLVE,369304,MÆRSK INSPIRER,24.0,217.1,108.12,190.31,,56.26,%,26.79,67.99,9.08,349.66,53110.24,737.72,,production,OP
2015-12-03,NO 15/9-F-1 C,7405,15/9-F-1 C,3420717,VOLVE,369304,MÆRSK INSPIRER,24.0,215.27,108.14,188.98,,57.0,%,26.29,71.86,8.58,352.55,53761.4,745.33,,production,OP
2015-12-04,NO 15/9-F-1 C,7405,15/9-F-1 C,3420717,VOLVE,369304,MÆRSK INSPIRER,24.0,213.68,108.14,187.96,,56.93,%,25.71,70.5,8.39,372.09,59284.7,770.98,,production,OP
2015-12-05,NO 15/9-F-1 C,7405,15/9-F-1 C,3420717,VOLVE,369304,MÆRSK INSPIRER,24.0,212.13,108.15,187.02,,56.8,%,25.11,67.01,8.38,334.45,51571.83,727.27,,production,OP
2015-12-06,NO 15/9-F-1 C,7405,15/9-F-1 C,3420717,VOLVE,369304,MÆRSK INSPIRER,24.0,211.23,108.15,187.07,,56.83,%,24.16,72.42,7.89,356.49,54832.72,748.85,,production,OP
2015-12-07,NO 15/9-F-1 C,7405,15/9-F-1 C,3420717,VOLVE,369304,MÆRSK INSPIRER,24.0,209.87,108.17,185.81,,57.6,%,24.05,74.38,8.35,361.71,55786.96,763.98,,production,OP
2015-12-08,NO 15/9-F-1 C,7405,15/9-F-1 C,3420717,VOLVE,369304,MÆRSK INSPIRER,24.0,208.08,108.2,184.13,,59.03,%,23.95,69.91,8.23,406.31,62594.94,808.52,,production,OP
2015-12-09,NO 15/9-F-1 C,7405,15/9-F-1 C,3420717,VOLVE,369304,MÆRSK INSPIRER,5.66,207.59,108.19,184.4,,13.99,%,23.18,73.22,7.71,97.79,15245.96,191.92,,production,OP
2016-01-04,NO 15/9-F-1 C,7405,15/9-F-1 C,3420717,VOLVE,369304,MÆRSK INSPIRER,14.34,284.27,106.16,242.97,,26.61,%,41.3,25.04,24.84,82.82,13437.44,203.14,,production,OP
2016-01-05,NO 15/9-F-1 C,7405,15/9-F-1 C,3420717,VOLVE,369304,MÆRSK INSPIRER,24.0,277.92,107.55,250.46,,49.88,%,27.46,51.21,13.17,32.67,5277.18,843.45,,production,OP
2016-01-06,NO 15/9-F-1 C,7405,15/9-F-1 C,3420717,VOLVE,369304,MÆRSK INSPIRER,24.0,264.79,108.06,239.25,,57.8,%,25.54,77.97,9.77,93.87,15281.59,1465.71,,production,OP
2016-01-07,NO 15/9-F-1 C,7405,15/9-F-1 C,3420717,VOLVE,369304,MÆRSK INSPIRER,24.0,255.16,108.18,228.29,,57.47,%,26.86,79.19,11.1,164.52,26623.23,1413.28,,production,OP
2016-01-08,NO 15/9-F-1 C,7405,15/9-F-1 C,3420717,VOLVE,369304,MÆRSK INSPIRER,24.0,249.94,108.17,220.73,,54.52,%,29.22,76.91,13.47,194.43,31122.32,1122.39,,production,OP
2016-01-09,NO 15/9-F-1 C,7405,15/9-F-1 C,3420717,VOLVE,369304,MÆRSK INSPIRER,24.0,246.18,108.15,215.68,,53.02,%,30.49,74.3,14.76,205.53,32916.43,969.51,,production,OP
2016-01-10,NO 15/9-F-1 C,7405,15/9-F-1 C,3420717,VOLVE,369304,MÆRSK INSPIRER,24.0,244.59,108.07,214.34,,52.21,%,30.25,69.11,14.52,187.41,30048.94,810.95,,production,OP
2016-01-11,NO 15/9-F-1 C,7405,15/9-F-1 C,3420717,VOLVE,369304,MÆRSK INSPIRER,24.0,243.2,108.03,213.86,,51.29,%,29.34,66.24,13.62,170.45,27228.48,733.88,,production,OP
2016-01-12,NO 15/9-F-1 C,7405,15/9-F-1 C,3420717,VOLVE,369304,MÆRSK INSPIRER,24.0,242.53,108.0,214.2,,51.58,%,28.32,68.37,12.61,156.61,24965.04,684.72,,production,OP
2016-01-13,NO 15/9-F-1 C,7405,15/9-F-1 C,3420717,VOLVE,369304,MÆRSK INSPIRER,23.5,240.06,108.07,211.83,,52.32,%,28.23,71.2,13.07,232.69,37108.69,846.22,,production,OP
2016-01-14,NO 15/9-F-1 C,7405,15/9-F-1 C,3420717,VOLVE,369304,MÆRSK INSPIRER,24.0,236.32,108.12,206.54,,52.69,%,29.78,71.28,14.09,258.42,39859.18,870.9,,production,OP
2016-01-15,NO 15/9-F-1 C,7405,15/9-F-1 C,3420717,VOLVE,369304,MÆRSK INSPIRER,24.0,235.44,108.06,207.15,,52.14,%,28.3,68.11,12.61,199.68,31090.57,726.91,,production,OP
2016-01-16,NO 15/9-F-1 C,7405,15/9-F-1 C,3420717,VOLVE,369304,MÆRSK INSPIRER,24.0,234.17,108.05,206.74,,52.3,%,27.43,70.53,11.75,199.16,30911.67,694.91,,production,OP
2016-01-17,NO 15/9-F-1 C,7405,15/9-F-1 C,3420717,VOLVE,369304,MÆRSK INSPIRER,24.0,233.17,108.03,206.49,,52.33,%,26.67,70.7,11.0,197.21,30602.33,672.47,,production,OP
2016-01-18,NO 15/9-F-1 C,7405,15/9-F-1 C,3420717,VOLVE,369304,MÆRSK INSPIRER,24.0,231.73,108.06,205.18,,52.81,%,26.55,69.81,10.87,197.52,30750.88,703.93,,production,OP
2016-01-19,NO 15/9-F-1 C,7405,15/9-F-1 C,3420717,VOLVE,369304,MÆRSK INSPIRER,24.0,229.56,108.11,202.69,,53.83,%,26.87,73.31,11.19,257.83,40019.51,780.82,,production,OP
2016-01-20,NO 15/9-F-1 C,7405,15/9-F-1 C,3420717,VOLVE,369304,MÆRSK INSPIRER,13.84,227.72,107.99,201.34,,33.38,%,26.38,69.34,10.61,150.62,24432.48,493.09,,production,OP
2016-02-06,NO 15/9-F-1 C,7405,15/9-F-1 C,3420717,VOLVE,369304,MÆRSK INSPIRER,22.08,282.77,105.03,233.97,,40.33,%,48.8,17.87,27.94,65.72,10185.48,203.44,,production,OP
2016-02-07,NO 15/9-F-1 C,7405,15/9-F-1 C,3420717,VOLVE,369304,MÆRSK INSPIRER,24.0,272.32,107.66,248.42,,53.38,%,23.9,48.52,8.21,52.25,8288.1,991.31,,production,OP
2016-02-08,NO 15/9-F-1 C,7405,15/9-F-1 C,3420717,VOLVE,369304,MÆRSK INSPIRER,24.0,265.14,107.9,240.19,,54.22,%,24.95,68.17,9.21,72.77,11560.47,1062.13,,production,OP
2016-02-09,NO 15/9-F-1 C,7405,15/9-F-1 C,3420717,VOLVE,369304,MÆRSK INSPIRER,24.0,258.25,108.06,230.12,,54.17,%,28.13,72.83,12.39,118.71,18956.75,1056.77,,production,OP
2016-02-10,NO 15/9-F-1 C,7405,15/9-F-1 C,3420717,VOLVE,369304,MÆRSK INSPIRER,24.0,251.45,108.15,220.05,,54.14,%,31.4,78.31,15.65,207.31,32150.46,1108.05,,production,OP
2016-02-11,NO 15/9-F-1 C,7405,15/9-F-1 C,3420717,VOLVE,369304,MÆRSK INSPIRER,24.0,245.66,108.18,212.44,,54.17,%,33.22,77.27,17.43,210.23,32735.29,1086.8,,production,OP
2016-02-12,NO 15/9-F-1 C,7405,15/9-F-1 C,3420717,VOLVE,369304,MÆRSK INSPIRER,24.0,241.08,108.16,207.78,,53.74,%,33.3,74.49,17.29,308.45,47811.78,937.87,,production,OP
2016-02-13,NO 15/9-F-1 C,7405,15/9-F-1 C,3420717,VOLVE,369304,MÆRSK INSPIRER,24.0,239.05,108.07,207.38,,52.61,%,31.67,72.97,15.69,293.21,45604.08,791.15,,production,OP
2016-02-14,NO 15/9-F-1 C,7405,15/9-F-1 C,3420717,VOLVE,369304,MÆRSK INSPIRER,24.0,236.79,108.06,206.32,,52.71,%,30.47,72.5,14.5,241.12,37809.55,762.75,,production,OP
2016-02-15,NO 15/9-F-1 C,7405,15/9-F-1 C,3420717,VOLVE,369304,MÆRSK INSPIRER,24.0,234.79,108.04,205.4,,52.64,%,29.4,71.68,13.45,239.99,37454.5,758.97,,production,OP
2016-02-16,NO 15/9-F-1 C,7405,15/9-F-1 C,3420717,VOLVE,369304,MÆRSK INSPIRER,24.0,233.14,108.02,204.58,,52.65,%,28.56,61.75,12.63,237.43,37227.14,756.16,,production,OP
2016-02-17,NO 15/9-F-1 C,7405,15/9-F-1 C,3420717,VOLVE,369304,MÆRSK INSPIRER,24.0,231.65,108.01,203.59,,52.62,%,28.06,60.88,12.11,236.6,36907.86,747.61,,production,OP
2016-02-18,NO 15/9-F-1 C,7405,15/9-F-1 C,3420717,VOLVE,369304,MÆRSK INSPIRER,24.0,230.41,107.99,202.93,,52.6,%,27.48,68.71,11.54,232.24,36516.14,743.64,,production,OP
2016-02-19,NO 15/9-F-1 C,7405,15/9-F-1 C,3420717,VOLVE,369304,MÆRSK INSPIRER,24.0,229.33,107.98,202.43,,52.62,%,26.9,60.63,10.96,298.12,46879.05,656.99,,production,OP
2016-02-20,NO 15/9-F-1 C,7405,15/9-F-1 C,3420717,VOLVE,369304,MÆRSK INSPIRER,24.0,228.53,107.97,202.37,,52.57,%,26.16,65.0,10.25,307.88,47840.2,668.78,,production,OP
2016-02-21,NO 15/9-F-1 C,7405,15/9-F-1 C,3420717,VOLVE,369304,MÆRSK INSPIRER,24.0,227.42,108.0,201.22,,53.23,%,26.2,67.61,10.33,296.78,47176.84,681.94,,production,OP
2016-02-22,NO 15/9-F-1 C,7405,15/9-F-1 C,3420717,VOLVE,369304,MÆRSK INSPIRER,24.0,225.84,108.02,199.95,,53.6,%,25.9,70.94,9.92,304.54,48861.31,706.98,,production,OP
2016-02-23,NO 15/9-F-1 C,7405,15/9-F-1 C,3420717,VOLVE,369304,MÆRSK INSPIRER,24.0,225.19,108.0,200.21,,53.55,%,24.97,69.88,9.03,303.99,48622.08,713.2,,production,OP
2016-02-24,NO 15/9-F-1 C,7405,15/9-F-1 C,3420717,VOLVE,369304,MÆRSK INSPIRER,24.0,224.6,108.02,199.89,,54.27,%,24.72,70.6,8.76,327.03,52069.96,717.19,,production,OP
2016-02-25,NO 15/9-F-1 C,7405,15/9-F-1 C,3420717,VOLVE,369304,MÆRSK INSPIRER,24.0,222.38,108.08,196.97,,54.97,%,25.41,72.95,9.41,338.24,53575.88,741.15,,production,OP
2016-02-26,NO 15/9-F-1 C,7405,15/9-F-1 C,3420717,VOLVE,369304,MÆRSK INSPIRER,5.66,223.46,107.81,204.63,,15.77,%,18.83,62.43,3.7,24.87,4018.22,51.7,,production,OP
2016-02-28,NO 15/9-F-1 C,7405,15/9-F-1 C,3420717,VOLVE,369304,MÆRSK INSPIRER,0.75,241.89,104.42,225.8,,2.63,%,16.09,13.93,7.98,0.55,88.63,1.15,,production,OP
2016-03-17,NO 15/9-F-1 C,7405,15/9-F-1 C,3420717,VOLVE,369304,MÆRSK INSPIRER,21.76,289.08,105.43,241.52,,39.2,%,47.56,24.63,27.18,50.3,8086.5,764.44,,production,OP
2016-03-18,NO 15/9-F-1 C,7405,15/9-F-1 C,3420717,VOLVE,369304,MÆRSK INSPIRER,24.0,281.18,107.56,253.26,,49.5,%,27.91,57.58,12.34,37.98,6203.4,843.53,,production,OP
2016-03-19,NO 15/9-F-1 C,7405,15/9-F-1 C,3420717,VOLVE,369304,MÆRSK INSPIRER,24.0,275.32,107.8,248.43,,51.16,%,26.89,61.41,11.25,63.63,10454.85,930.53,,production,OP
2016-03-20,NO 15/9-F-1 C,7405,15/9-F-1 C,3420717,VOLVE,369304,MÆRSK INSPIRER,24.0,270.35,107.89,241.73,,51.05,%,28.61,70.08,12.96,81.67,13263.03,858.15,,production,OP
2016-03-21,NO 15/9-F-1 C,7405,15/9-F-1 C,3420717,VOLVE,369304,MÆRSK INSPIRER,24.0,265.65,107.98,234.77,,51.04,%,30.88,71.75,15.2,108.85,17786.79,919.01,,production,OP
2016-03-22,NO 15/9-F-1 C,7405,15/9-F-1 C,3420717,VOLVE,369304,MÆRSK INSPIRER,24.0,260.9,108.06,228.74,,51.69,%,32.16,73.87,16.48,189.41,30603.4,985.24,,production,OP
2016-03-23,NO 15/9-F-1 C,7405,15/9-F-1 C,3420717,VOLVE,369304,MÆRSK INSPIRER,24.0,255.51,108.13,221.92,,52.68,%,33.59,74.75,17.49,243.92,39159.61,976.46,,production,OP
2016-03-24,NO 15/9-F-1 C,7405,15/9-F-1 C,3420717,VOLVE,369304,MÆRSK INSPIRER,24.0,250.39,108.15,216.01,,52.95,%,34.38,68.64,18.07,246.84,40029.36,983.16,,production,OP
2016-03-25,NO 15/9-F-1 C,7405,15/9-F-1 C,3420717,VOLVE,369304,MÆRSK INSPIRER,24.0,246.17,108.14,211.99,,52.94,%,34.18,72.98,17.99,248.04,40439.71,935.67,,production,OP
2016-03-26,NO 15/9-F-1 C,7405,15/9-F-1 C,3420717,VOLVE,369304,MÆRSK INSPIRER,24.0,241.96,108.15,208.72,,53.89,%,33.24,68.79,17.03,265.31,43614.43,913.22,,production,OP
2016-03-27,NO 15/9-F-1 C,7405,15/9-F-1 C,3420717,VOLVE,369304,MÆRSK INSPIRER,23.0,238.13,108.14,206.27,,54.1,%,31.86,67.32,15.66,253.28,42107.87,871.58,,production,OP
2016-03-28,NO 15/9-F-1 C,7405,15/9-F-1 C,3420717,VOLVE,369304,MÆRSK INSPIRER,24.0,235.06,108.12,204.56,,54.33,%,30.5,73.94,14.29,271.68,44972.96,881.85,,production,OP
2016-03-29,NO 15/9-F-1 C,7405,15/9-F-1 C,3420717,VOLVE,369304,MÆRSK INSPIRER,24.0,231.52,108.13,202.04,,54.76,%,29.48,76.35,13.28,275.74,45175.9,894.32,,production,OP
2016-03-30,NO 15/9-F-1 C,7405,15/9-F-1 C,3420717,VOLVE,369304,MÆRSK INSPIRER,24.0,228.85,108.11,200.46,,54.74,%,28.4,74.63,12.21,293.43,48066.95,832.66,,production,OP
2016-03-31,NO 15/9-F-1 C,7405,15/9-F-1 C,3420717,VOLVE,369304,MÆRSK INSPIRER,24.0,226.56,108.09,198.97,,54.69,%,27.59,74.73,11.86,287.42,46865.43,821.07,,production,OP
2016-04-01,NO 15/9-F-1 C,7405,15/9-F-1 C,3420717,VOLVE,369304,MÆRSK INSPIRER,24.0,224.57,108.07,197.51,,54.77,%,27.06,67.33,11.38,299.49,48700.43,794.2,,production,OP
2016-04-02,NO 15/9-F-1 C,7405,15/9-F-1 C,3420717,VOLVE,369304,MÆRSK INSPIRER,24.0,223.01,108.06,196.63,,54.69,%,26.38,69.56,10.68,284.72,46880.14,766.23,,production,OP
2016-04-03,NO 15/9-F-1 C,7405,15/9-F-1 C,3420717,VOLVE,369304,MÆRSK INSPIRER,24.0,221.81,108.04,196.13,,54.72,%,25.68,72.5,9.91,280.17,45842.82,748.25,,production,OP
2016-04-04,NO 15/9-F-1 C,7405,15/9-F-1 C,3420717,VOLVE,369304,MÆRSK INSPIRER,24.0,220.78,108.04,195.66,,55.07,%,25.11,71.75,9.2,281.93,45800.83,797.3,,production,OP
2016-04-05,NO 15/9-F-1 C,7405,15/9-F-1 C,3420717,VOLVE,369304,MÆRSK INSPIRER,24.0,218.75,108.08,193.41,,56.0,%,25.34,72.22,9.1,317.38,51990.65,792.76,,production,OP
2016-04-06,NO 15/9-F-1 C,7405,15/9-F-1 C,3420717,VOLVE,369304,MÆRSK INSPIRER,20.82,218.44,107.86,192.83,,45.14,%,25.61,66.57,9.83,208.0,34998.3,542.39,,production,OP
